Title,Date,Press,Description
[속보] 이스라엘군 “하마스 지도자 신와르 사망 가능성 확인 중”,4주 전,경향신문언론사 선정,이스라엘군이 팔레스타인 무장정파 하마스의 지도자 야히야 신와르가 사망했을 가능성을 확인하고 있다고 17일(현지시간) 밝혔다. 일간 타임스오브이스라엘에 따르면 이스라엘군은 이날 성명을 내고 “가자지구에서 작전을 수행하던 중 테러리스트 3명을 사살했다”면서 “군과 신베트(이스라엘 국내...
"[속보] 日이시바, 납북피해자 가족 면담…""북일 정상 솔직한 대화 중요...",2024.10.17.,연합뉴스언론사 선정,
[속보] '이태원참사 부실대응' 김광호 전 서울청장 1심 무죄,2024.10.17.,한국경제언론사 선정,이태원 참사에 부실 대응한 혐의로 재판에 넘겨진 김광호(60·사진) 전 서울경찰청장이 1심에서 무죄를 선고받았다. 서울서부지법 형사합의12부(권성수 부장판사)는 17일 업무상과실치사상 혐의로 기소된 김 전 청장에게 무죄를 선고했다. 김 전 청장은 이태원 참사 대응으로 기소된 경찰 간부 중 최고위직이다....
"[속보] ECB, 2연속 금리인하…예금금리 3.50％→3.25％",4주 전,매일경제언론사 선정,"유럽중앙은행(ECB)이 지난달에 이어 2회 연속 정책금리를 인하했다. 17일(현지시간) ECB는 슬로베니아 류블랴나에서 통화정책이사회를 열고 기준금리를 연 3.65％에서 3.40％로, 예금금리를 연 3.50％에서 3.25％로 각각 0.25％포인트 내렸다고 밝혔다. 한계대출금리도 연 3.90％에서 3.65％로 인하했다...."
[속보]한강 작가 “현재 계획해 둔 소설은 3권”,4주 전,문화일보언론사 선정,17일 오후 한강 작가가 참석해 수상 소감을 전한 제18회 포니정 혁신상 시상식장 앞은 3시간 전부터 팬과 기자들이 몰려 붐볐다. 시상식을 주관하는 포니정 재단은 한 작가의 이동에 경호 등을 지원한 것으로 알려졌다. 현장 행사 진행 요원들은 오후 4시 50분쯤 한 작가가 이미 시상식장 내부로 들어갔음을...
[속보] 대통령실 “폴란드 대통령 22~25일 방한…한-폴 정상회담 예정”,4주 전,세계일보,연합뉴스 대통령실 “폴란드 대통령 22~25일 방한…한-폴 정상회담 예정”
"[속보] 검찰, '도이치 주가조작 의혹' 김건희 여사 불기소",2024.10.17.,YTN언론사 선정,검찰이 도이치모터스 주가 조작 의혹을 받는 윤석열 대통령의 부인 김건희 여사에 대해 불기소 처분을 내렸습니다. 서울중앙지방검찰청은 오늘(17일) 김 여사가 범행에 가담했거나 공모했다는 점을 인정하기 어렵다며 불기소 처분했습니다. 검찰은 시세 조종 의혹이 제기된 김 여사 명의 계좌 6개를 분석한 결과...
"[속보] 용산 ""재보선서 부족한 부분, 국민 뜻 받들어 바꿀 것""",2024.10.17.,중앙일보언론사 선정,"대통령실은 17일 10·16 재·보궐선거 결과와 관련해 ""부족한 부분은 국민의 뜻을 받아들여 바꿔 나가겠다""고 밝혔다. 대통령실 관계자는 이날 오전 “어려움이 있더라도 4대 개혁과 저출생 극복 등 개혁 방안을 흔들림없이 추진해 미래로 나아가겠다”며 이같이 말했다. 기초자치단체장 4명을 뽑은 전날 선거에서..."
"[속보] 대만 TSMC, 3분기 순익 전년대비 54% 급증",2024.10.17.,매일경제언론사 선정,대만 TSMC가 올해 3분기에 시장 예상을 뛰어넘는 14조원에 육박하는 순이익을 기록했다. 17일 로이터통신 등에 따르면 세계 최대 파운드리(반도체 위탁생산) 업체 대만 TSMC의 올해 3분기 순이익은 3253억 대만달러(약 13조8000억원)으로 전년 동기 대비 54.2% 급증한 것으로 집계됐다. 이는...
[속보]한강 “지난 일주일 저에겐 특별한 감동” 소감 밝혀,4주 전,문화일보언론사 선정,한국 최초로 노벨문학상을 수상한 한강 작가가 그간의 침묵을 깨고 수상 소감을 전했다. 17일 오후 서울 강남구 아이파크타워 포니정홀에서 열린 제18회 포니정 혁신상 시상식에 참석해 수상의 놀라움과 감동을 밝혔다. 그는 “수상 통보를 막 받았을 때에는 사실 현실감이 들지는 않아서 그저 침착하게 대화를...
"[속보] 檢, 김 여사 '도이치모터스' 불기소 처분... 4년 6개월만",2024.10.17.,중앙일보언론사 선정,"검찰이 김건희 여사의 도이치모터스 시세조종 가담 의혹 사건에 대해 불기소 처분을 내렸다. 이에 따라 김 여사는 지난 2020년 4월 해당 의혹으로 검찰에 고발된 지 4년 6개월 만에 무혐의 판단을 받게 됐다. 서울중앙지검 반부패수사제2부(부장검사 최재훈)는 17일 오전 ""대통령 배우자의 도이치모터스 시세조종..."
"[속보] 젤렌스키 ""北, 1만여명 파병 준비중…일부 이미 러 점령영토에""",4주 전,한국경제언론사 선정,"볼로디미르 젤렌스키 우크라이나 대통령이 17일(현지시간) 북한이 총 1만여명의 인력을 러시아에 파병하기 위해 준비 중이라는 정보가 있다고 밝혔다. 젤렌스키 대통령은 이날 오후 벨기에 브뤼셀 EU 정상회의 참석 뒤 기자회견에서 ""우리 정보당국에 따르면 지상군, 기술자 등 여러 종류의 인력을 모두 합해..."
"[속보] 검찰, '도이치 주가조작 의혹' 김건희 여사 불기소",2024.10.17.,YTN언론사 선정,검찰이 도이치모터스 주가 조작 의혹을 받는 윤석열 대통령의 부인 김건희 여사에 대해 불기소 처분을 내렸습니다. 서울중앙지방검찰청은 오늘(17일) 김 여사가 범행에 가담했거나 공모했다는 점을 인정하기 어렵다며 불기소 처분했습니다. 검찰은 시세 조종 의혹이 제기된 김 여사 명의 계좌 6개를 분석한 결과...
"[속보] 용산 ""재보선서 부족한 부분, 국민 뜻 받들어 바꿀 것""",2024.10.17.,중앙일보언론사 선정,"대통령실은 17일 10·16 재·보궐선거 결과와 관련해 ""부족한 부분은 국민의 뜻을 받아들여 바꿔 나가겠다""고 밝혔다. 대통령실 관계자는 이날 오전 “어려움이 있더라도 4대 개혁과 저출생 극복 등 개혁 방안을 흔들림없이 추진해 미래로 나아가겠다”며 이같이 말했다. 기초자치단체장 4명을 뽑은 전날 선거에서..."
[속보] 한동훈 “김여사 대외활동 중단해야…대통령실 인적쇄신 시급”,2024.10.17.,매일경제언론사 선정,"한동훈 국민의힘 대표는 17일 “김건희 여사가 대선 당시 약속처럼 대외활동을 중단해야 한다”고 밝혔다. 한 대표는 이날 국회에서 열린 최고위원회의에서 “국민의 걱정과 우려를 이번에 반드시 해소해야 한다”며 “김 여사 관련 대통령실 인적 쇄신이 반드시, 시급하게 필요하다. 제기되는 의혹에 대해..."
"[속보] 검찰, '도이치모터스 주가조작 의혹' 김건희 여사 무혐의 처분",2024.10.17.,한국경제언론사 선정,"김건희 여사의 도이치모터스 주가조작 공모·방조 의혹을 수사한 검찰이 17일 김 여사에게 공모 혐의가 없다고 보고 불기소 처분했다. 서울중앙지검 반부패수사2부(최재훈 부장검사)는 이날 ""대통령 배우자의 도이치 시세조종 가담 의혹 사건 관련 피의자 김건희를 불기소 처분했다""고 밝혔다. 2020년 4월 당시..."
"[속보] 대통령실, 선거 결과 관련 ""의료개혁 등 흔들림없이 추진""",2024.10.17.,YTN언론사 선정,"- 대통령실, 투표 결과에 ""의료개혁 흔들림없이 추진"" - ""부족한 부분은 국민 뜻을 받아들여 바꿔나갈 것"" ◇ 자세한 뉴스가 곧 이어집니다."
[속보]'이태원 참사 부실 대응 혐의' 김광호 전 서울청장 무죄,2024.10.17.,중앙일보언론사 선정,이태원 참사에 부실하게 대응한 혐의로 재판에 넘겨진 피고인 중 경찰 최고위직인 김광호(60) 전 서울경찰청장이 1심에서 무죄를 선고받았다. 2022년 10월29일 이태원 참사가 발생한 지 약 2년 만이다. 당시 시민 159명이 목숨을 잃었다. 서울서부지법 형사합의12부(부장판사 권성수)는 17일 오전 10시30분 업무상...
"[속보] 검찰, 김 여사 ‘도이치 주가조작 의혹’ 불기소···4년 6개월 만...",2024.10.17.,경향신문언론사 선정,"검찰이 윤석열 대통령 부인 김건희 여사의 도이치모터스 주가조작 사건 연루 의혹에 대해 불기소 처분했다. 김 여사는 주가조작 범행에 돈을 댄 ‘전주’로 지목됐는데, 검찰은 김 여사가 이 범행에 가담한 정황을 인정하기 어렵다고 판단했다. 이로써 검찰은 김 여사의 명품가방 수수 사건에 이어 주가조작..."
"[속보] 한동훈, 김여사 무혐의에 ""국민 납득할 정도인지 지켜봐야""",2024.10.17.,중앙일보언론사 선정,"한동훈 국민의힘 대표는 17일 검찰이 김건희 여사의 도이치모터스 주가조작 공모·방조 혐의에 대해 불기소 처분을 내린 것을 두고 ""국민이 납득할 정도인지 지켜봐야한다""는 입장을 밝혔다. 한 대표는 이날 서울 여의도 국회의원회관에서 진행된 광역의원 연수에 참석한 뒤 기자들과 만나 검찰이 김 여사의..."
"[속보] 일본 이시바 총리, 야스쿠니 신사에 공물 봉납",2024.10.17.,강원도민일보언론사 선정,이시바 시게루 일본 총리가 17일 태평양전쟁 A급 전범 14명을 합사한 야스쿠니 신사에 공물을 봉납했다. 교도통신 보도에 따르면 지난 1일 취임한 이시바 총리는 이날 시작되는 추계 예대제(例大祭·제사)를 맞아 '내각총리대신 이시바 시게루' 명의로 '마사카키'라고 불리는 공물을 봉납했다. 앞서 이시바...
"[속보]美 9월 소매판매, 전월比 0.4% 증가…예상 상회",4주 전,아시아경제언론사 선정,
[속보] 검찰 '주가조작' 의혹 김건희 여사 무혐의 처분,2024.10.17.,JTBC언론사 선정,검찰 '주가조작' 의혹 김건희 여사 무혐의 처분
"[속보] 한강, 포니정 혁신상 시상식 언론 피해 참석",4주 전,파이낸셜뉴스언론사 선정,
"[속보]압수물 현금 수억원 빼돌린 현직 경찰, 구속…法 ""도망 우려""",4주 전,이데일리언론사 선정,압수물인 현금 수 억원을 빼돌린 현직 경찰관이 구속됐다. 서울중앙지법 전경. (사진=백주아 기자) 17일 서울중앙지방법원 남천규 영장전담 부장판사는 절도 혐의를 받는 서울 강남경찰서 범죄예방대응과 소속 정모 경장에 대한 구속 전 피의자 심문(영장실질심사)을 열고 구속영장을 발부했다. 남 부장판사는 정...
"[속보] 법원, '뉴스타파 인용' MBC PD수첩 과징금 '제재취소'… 2인 방통...",2024.10.17.,미디어오늘언론사 선정,법원이 뉴스타파의 '김만배-신학림' 인터뷰를 인용한 MBC 'PD수첩'에 부과된 과징금 1500만 원 제재를 취소했다. 뉴스타파 인터뷰 인용보도에 내린 방송통신심의위원회의 과징금 처분이 취소된 첫 사례로 재판부는 방심위의 제재를 확정한 2인 방통위 의결이 위법하다고 판단했다. 서울행정법원 행정 7부...
"[속보] 강릉 방문 윤대통령 ""대전환의 시대, 진실 질서 화합 어느 때보...",2024.10.17.,강원도민일보언론사 선정,"윤석열 대통령이 17일 강릉에서 열린 '2024년 바르게살기운동 전국회원대회'에 참석, 전국 회원들을 격려하고 대회 개최를 축하했다. 윤 대통령은 ""AI를 비롯한 첨단 기술의 발전으로 기회와 동시에 도전들이 앞에 놓여 있고, 북한의 도발과 위협, 안보와 경제를 위협하는 글로벌 복합 위기도 계속되고 있다""며..."
"[속보] 민주 김민석 “김건희 개, 검찰 탄핵”…심우정 검찰총장·이창...",4주 전,문화일보언론사 선정,"더불어민주당 ‘김건희 심판본부’의 본부장인 김민석 최고위원은 17일 “김건희의 개, 검찰을 탄핵한다”며 심우정 검찰총장과 이창수 서울중앙지검장에 대한 탄핵소추를 추진하겠다고 밝혔다. 김 최고위원은 이날 오후 긴급 기자회견을 열고 “국민을 대신해 ‘김건희 범죄 은폐 공범’들을 탄핵하겠다”며..."
"[속보] 한동훈 ""김 여사 대외활동 중단해야…용산 인적쇄신 시급""",2024.10.17.,중앙일보언론사 선정,한동훈 국민의힘 대표는 17일 “김건희 여사가 대선 당시 약속처럼 대외활동을 중단해야 한다”고 밝혔다. 한 대표는 이날 오전 국회에서 열린 최고위원회의에서 “김 여사와 관련한 일들로 모든 정치 이슈가 덮이는 게 반복되면서 우리 정부의 개혁 추진들이 국민의 호응을 얻지 못하고 있다”며 이같이 말했다....
"[속보] 이스라엘군 ""하마스 수장 신와르 숨졌을 가능성""<로이터>",4주 전,연합뉴스언론사 선정,
[속보] 서울시교육감에 진보 정근식 당선,2024.10.17.,파이낸셜뉴스언론사 선정,서울시교육감에 진보 정근식 당선 확정
[속보] 정근식 서울교육감 당선... 진보·혁신 교육 10년 계승,2024.10.17.,한국일보언론사 선정,16일 치러진 서울시교육감 보궐선거에서 진보 진영 정근식 후보가 당선됐다. 17일 0시 40분 기준(개표율 97.67%) 정 후보는 득표율 50.14%로 보수 진영 조전혁 후보(46.05%)를 4%포인트 이상 앞서며 당선을 확정 지었다. 윤호상 후보의 득표율은 3.80%이다. 서울대 사회학과 교수 출신인 정 당선인은 지난달 13일 “지난...
[속보] 부산 금정구청장에 국민의힘 윤일현 당선,2024.10.17.,서울경제언론사 선정,10·16 재·보궐선거 중 최대 격전지 중 한 곳으로 꼽혔던 부산 금정구청장 보궐선거에서 윤일현 국민의힘 후보가 김경지 더불어민주당 후보를 누르고 당선됐다. 윤 당선인은 개표 초기부터 김 후보를 10%포인트 넘는 차이로 여유 있게 앞서갔다. 개표율이 83.71%에 이른 17일 오전 0시 40분 기준 60.62% 득표율로...
"[속보] 검찰, '도이치 의혹' 김건희 여사 불기소",2024.10.17.,데일리안언론사 선정,윤석열 대통령 배우자 김건희 여사의 '도이치모터스 시세조종 가담 의혹' 사건을 수사한 검찰이 17일 김 여사를 불기소 처분했다.
"[속보] '금배추' 수확한 이재명 ""농작물 수입허가권 농가에 부여하도록...",2024.10.17.,매일신문언론사 선정,"김장철을 앞두고 배춧값이 고공행진을 이어가는 가운데, 이재명 더불어민주당 대표가 17일 강원 평창군 배추농지를 찾아 농작물 수입쿼터(할당) 허가권을 국내 생산자조합에 주도록 관련 입법을 추진하겠다고 밝혔다. 이 대표는 이날 오후 강원 평창군 방림면의 한 배추밭을 찾아 농민들과 간담회를 가지며 이같이..."
"[속보] 젤렌스키 ""北, 1만여명 파병 준비중…일부 이미 러 점령영토에""",4주 전,연합뉴스언론사 선정,
"[속보] 대통령실 ""내년 의대정원 조정 안돼…2026년 논의는 가능"" 재확인",2024.10.17.,연합뉴스언론사 선정,
[속보] 서울시교육감 정근식 당선 확실…진보교육 계승,2024.10.17.,강원도민일보언론사 선정,"16일 치러진 서울시교육감 보궐선거에서 진보진영 정근식 후보의 당선이 확실시된다. 이날 오후 10시 50분 기준(개표율 44.83%) 정 후보는 득표율 52.55%로 보수 진영 조전혁 후보(43.77%)를 8%p 이상 앞서고 있다. 윤호상 후보의 득표율은 3.66%이다. 진보진영 단일후보로 나선 정 후보는 혁신학교, 학생인권조례 등..."
"[속보] 한동훈 ""김여사 대외활동 중단해야…대통령실 인적쇄신 시급""",2024.10.17.,연합뉴스언론사 선정,
"[속보] 우크라 대통령 ""북한, 1만명 파병 준비…일부는 이미 배치""",4주 전,뉴스1언론사 선정,
"[속보]TSMC, 3Q 순익 전년比 54%↑",2024.10.17.,아시아경제언론사 선정,
"[속보] 韓 '김여사 불기소'에 ""檢설명 국민 납득할 정도인지 지켜볼 필...",2024.10.17.,연합뉴스언론사 선정,
"[속보] 한강, 포니정 혁신상 수상 소감 ""무슨 재미로 사냐고요?""",4주 전,뉴스1언론사 선정,
[속보] 서울시교육감에 정근식 당선,2024.10.17.,한국경제언론사 선정,
[속보]ECB 2연속 금리인하 결정…예금금리 3.50％→3.25％,4주 전,이데일리언론사 선정,"ECB, 2연속 금리인하…예금금리 3.50％→3.25％"
"[속보] '이태원 참사 부실 대응' 김광호 前 서울청장, 1심 '무죄'",2024.10.17.,아이뉴스24,'이태원 참사' 당시 사고에 제대로 대응하지 못해 피해를 키운 혐의를 받는 김광호 전 서울경찰청장이 무죄를 선고받았다. 17일 법조계에 따르면 서울서부지법 형사합의12부(부장판사 권성수)는 업무상 과실치사상 혐의로 기소된 김 전 청장에게 무죄를 선고했다. 김 전 청장은 지난 2022년 10월 29일 '이태원 참사...
"[속보]검찰, 김건희 '도이치모터스 주가조작' 의혹 불기소 처분",2024.10.17.,뉴시스언론사 선정,
[속보] 부산 금정구청장에 국민의힘 윤일현 당선 확실,2024.10.17.,연합뉴스언론사 선정,
[속보]'이태원 참사 대응' 윗선 김광호 전 서울경찰청장 무죄,2024.10.17.,뉴스1언론사 선정,
"[속보] 북 ""헌법에 대한민국 철저한 적대국가로 규제""…도로폭파 보도",2024.10.17.,연합뉴스언론사 선정,
[속보] 인천 강화군수에 국민의힘 박용철 당선,2024.10.17.,국민일보,10·16 인천 강화군수 보궐선거에서 국민의힘 박용철(59) 후보의 당선이 사실상 확정됐다. 17일 중앙선거관리위원회 개표 현황에 따르면 박 후보는 이날 0시10분 현재 50.78%(1만7304표)의 득표율로 선두를 달리며 당선 확정을 눈앞에 두고 있다. 강화군수 선거에 세 번째 출마한 더불어민주당 한연희(65)...
"[속보]한동훈, 김건희 불기소에 ""국민 납득할지 지켜봐야""",2024.10.17.,파이낸셜뉴스언론사 선정,
[속보] 전세계 유행 H5N1형 조류인플루엔자 국내 첫 검출,4주 전,YTN,전세계 유행 H5N1형 조류인플루엔자 국내 첫 검출 ▷ 자세한 뉴스가 이어집니다.
[속보] 전남 영광군수에 더불어민주당 장세일 당선,2024.10.17.,서울경제언론사 선정,10·16 재보궐선거 전남 영광군수 재선거에서 장세일(60) 더불어민주당 후보가 당선됐다. 17일 중앙선거관리위원회 개표 현황에 따르면 장 당선인은 이날 오전 0시 현재 개표를 마감한 결과 전체 투표자 3만1729명 중 1만2951표를 획득해 득표율 41.09%를 기록했다. 장 후보는 9682표(30.71%)를 얻은...
[속보]'도이치 주가조작' 윤대통령 장모도 불기소,2024.10.17.,머니투데이,윤석열 대통령의 부인 김건희 여사의 도이치모터스 주가조작 연루 의혹을 수사해 온 검찰이 김 여사와 함께 윤 대통령의 장모 최은순씨 등을 모두 불기소 처분했다. 서울중앙지방검찰청 반부패수사2부(부장검사 최재훈)는 이날 언론 브리핑에서 도이치모터스 주가조작 의혹과 관련해 고발된 김 여사와 장모...
"[속보] 북 ""헌법에 '대한민국은 철저한 적대국가' 규제""",2024.10.17.,뉴스1언론사 선정,
[속보] '이태원참사' 김광호 전 서울청장 '무죄',2024.10.17.,더팩트언론사 선정,서울서부지법 형사합의12부(권성수 부장판사)는 17일 업무상과실치사상 혐의로 기소된 김광호 전 서울경찰청장에게 무죄를 선고했다.
"[속보] 민주당 장세일, 전남 영광군수 당선",2024.10.17.,헤럴드경제언론사 선정,"[속보] 민주당 장세일, 전남 영광군수 당선"
"[속보] 대통령실 ""내년 7500명 의대수업, 그렇게 불가능한 것 아냐""",2024.10.17.,헤럴드경제언론사 선정,"[속보] 대통령실 ""내년 7500명 의대수업, 그렇게 불가능한 것 아냐"""
"[속보] ‘원 디렉션’ 리암 페인, 사망.. 향년 31살",2024.10.17.,라디오코리아,세계적인 팝 보이 밴드 One Direction의 전 멤버 리암 페인이 사망했다. 로이터 통신은 오늘(10월6일) One Direction 전 멤버인 리암 페인이 아르헨티나에서 숨을 거뒀다고 밝혔다. 로이터 통신 보도에 따르면 리암 페인은 부에노스 아이레스에 있는 한 호텔 3층에서 떨어졌다. 리암 페인은 아르헨티나...
[속보] 인천 강화군수에 국민의힘 박용철 당선,2024.10.17.,한국경제언론사 선정,인천 강화군수에 국민의힘 박용철 당선
"[속보] 한동훈, `김건희 불기소`에 ""국민 납득할 정도인지 지켜봐야""",2024.10.17.,디지털타임스,"한동훈 국민의힘 대표는 17일 검찰이 김건희 여사의 도이치모터스 주가조작 공모·방조 혐의에 대해 불기소 처분을 내린 것을 두고 ""국민이 납득할 정도인지 지켜볼 필요가 있다""고 말했다. 한 대표는 이날 국회에서 기자들과 만나 ""외부에서 수사기록을 다 알 수 없으니 판단하기 어렵지만 오늘 검찰의 설명은..."
"[속보]레바논유엔군 파병 유럽국들, 이스라엘의 철수요구 대항 ""최대 압...",2024.10.17.,뉴시스언론사 선정,
"[속보] 한동훈 ""김 여사 이슈 반복되면서 정부 개혁 국민 호응 얻지 못해...",2024.10.17.,뉴스1언론사 선정,
"[속보] 대통령실 ""내년 의대정원 조정 안돼...겨울철 비상 대책 준비 중...",4주 전,CJB청주방송,"대통령실은 현재 입시가 진행되고 있는 상황에서 내년도 의대 입학 정원을 조정하는 것은 사실상 불가능하다고 밝히며 ""2026학년도의 정원 논의는 가능하다""는 입장을 재차 밝혔습니다. 대통령실 고위 관계자는 이날 용산 대통령실에서 브리핑을 통해 ""2025학년도 대입전형을 바꾸려면 올해 5월 말까지 해야..."
"[속보]대통령실 ""부족한 부분은 국민 뜻 받아들여 바꿔 나가겠다""",2024.10.17.,머니투데이,"대통령실은 지난 16일 재·보선 선거 결과와 관련, ""어려움이 있더라도 4대 개혁과 저출생 극복 등 개혁 방안을 흔들림없이 추진해 미래로 나아가겠다. 부족한 부분은 국민의 뜻을 받아들여 바꿔 나가겠다""고 17일 밝혔다."
"[속보]한동훈 ""金여사 관련 대통령실 인적 쇄신 반드시 필요""",2024.10.17.,노컷뉴스언론사 선정,"한동훈 ""金여사 관련 대통령실 인적 쇄신 반드시 필요"" ※CBS노컷뉴스는 여러분의 제보로 함께 세상을 바꿉니다. 각종 비리와 부당대우, 사건사고와 미담 등 모든 얘깃거리를 알려주세요.이메일 : 카카오톡 : @노컷뉴스사이트 : https://url.kr/b71afn"
"[속보] 대통령실 ""2035년 2만명 의사 부족…2000명 증원 실현가능 숫자""",2024.10.17.,뉴스1,
[속보] 서울시교육감에 ‘진보’ 정근식 당선,2024.10.17.,경향신문,지난 16일 실시된 서울시교육감 보궐선거에서 진보 진영 정근식 후보가 당선됐다. 17일 오전 12시45분 기준 개표율 98.29%인 상황에서 정 당선인의 득표율은 50.18%다. 보수 진영 조전혁 후보의 득표율(46.01%)보다 4%포인트 가량 앞서 있다. 개표 초반 보수세가 짙은 강남 3구(강남·서초·송파) 개표율이 높아 정...
"[속보]檢, 김여사 도이치 의혹 '혐의 없음' 불기소...명품백에 이어 '일...",2024.10.17.,파이낸셜뉴스언론사 선정,윤석열 대통령 배우자의 도이치모터스 시세조종 가담 의혹을 수사하고 있는 검찰이 김건희 여사에 대해 17일 불기소 처분했다. 범행을 인식하거나 가담했다고 보기 어려워 ‘혐의 없음’ 처분했다는 게 검찰의 판단이다. 이로써 명품백에 이어 도이치모터스 사건도 일단락을 맺게 됐다. 서울중앙지검...
"[속보] 한동훈 ""김건희 여사, 대선 약속대로 대외활동 중단해야""",2024.10.17.,더팩트언론사 선정,"한동훈 국민의힘 대표는 부산 금정구청장 재보궐 선거에서 승리한 다음날인 17일 ""김건희 여사가 대선 당시 약속처럼 대외 활동을 중단해야 한다""고 밝혔다. 한 대표는 이날 국회에서 열린 최고위원회의에서 ""국민의 걱정과 우려를 이번에 반드시 해소해야 한다""며 이같이 말했다."
"[속보] ""해리스, 전국서 5%p 우위""…""트럼프, 조지아서 오차밖 앞서""",2024.10.17.,디지털타임스,"미국 민주당 대통령 후보 카멀라 해리스 부통령이 전국 지지율에서 우위를 점하고 있다는 여론조사가 16일(현지시간) 나왔다. 여론조사기관 마리스트가 지난 8∼10일 전국의 투표 의향층 유권자 1401명을 대상으로 진행한 여론조사 결과에 따르면 해리스 부통령은 52%, 공화당 후보인 도널드 트럼프 전..."
"[속보] 유럽중앙은행, 연속해 핵심금리 인하…중앙은 예치금리 3.25%로",4주 전,뉴시스,후속기사가 이어집니다
"[속보] 대통령실 ""겨울 비상진료대책 조만간 발표…고난도·중증 강화""",2024.10.17.,연합뉴스,
[속보]中 부동산 대책 “연내 화이트리스트에 총 766조원 지원”,2024.10.17.,이데일리,"니홍 중국 주택도시농촌건설부장. (사진=AFP) 중국 주택도시농촌건설부의 니홍 부장(장관)은 17일 ‘부동산 시장의 안정적이고 건강한 발전 촉진’ 기자회견에 참석해 ‘4개의 취소, 4개의 감소, 2개의 증가’ 정책 조합을 추진했다고 밝혔다. 중국 정부는 주택 구매 제한, 매매 제한과 주택 계약금 비율 완화..."
"[속보]조규홍 ""의료현장 쉽지 않아…고난도·전문진료 일부 한계""",2024.10.17.,뉴시스언론사 선정,후속기사가 이어집니다
[속보] '도이치모터스 주가조작 의혹' 윤대통령 장모도 불기소,2024.10.17.,연합뉴스,
"[속보] 유럽중앙은행, 기준금리 0.25%P 인하…6월·9월 이어 세 번째",4주 전,뉴스1,
"[속보] '임찬규-에르난데스 역투' LG, 삼성에 1-0 승리…1승2패",4주 전,뉴스1,
"[속보] 한강 ""카페인도 끊었다..집필에 집중""",4주 전,파이낸셜뉴스,
"[속보]조규홍 ""상급종합병원 구조전환, 복귀 전공의 기회 축소 아냐""",2024.10.17.,뉴시스언론사 선정,후속기사가 이어집니다
"[속보]조규홍 ""상급종합병원 암수술 16%↓…진료 협력병원 70곳 운영""",2024.10.17.,뉴시스언론사 선정,후속기사가 이어집니다
[속보] 부산 금정구청장 재보궐윤일현 당선…국민의힘 '수성'에 성공,2024.10.17.,한국일보언론사 선정,16일 치러진 부산 금정구청장 재보궐 선거에서 국민의힘 윤일현(59) 후보가 구청장에 당선됐다. 윤 구청장은 개표 초반부터 더불어민주당과 조국혁신당 통합 후보로 나선 민주당 김경지 후보를 앞서 나가면서 당선을 거머 쥐었다. 윤 구청장과 김 후보의 득표율은 개표가 진행되는 동안 15~20% 안팎의 차이가...
"[속보] 엔비디아 3% 급등, 또 사상 최고치 경신",2024.10.17.,뉴스1,
"[속보] 손흥민, 트레이닝 완벽 복귀!→포스텍 ""웨스트햄전 준비 됐다""…...",4주 전,엑스포츠뉴스,"토트넘 홋스퍼 주장 손흥민이 드디어 풀 트레이닝을 소화하면서 복귀를 목전에 뒀다. 토트넘은 17일(한국시간) 구단 공식 홈페이지를 통해 ""안지 포스테코글루는 프리미어리그 웨스트햄 유나이티드와의 런던 더비에서 손흥민과 히샬리송이 모두 복귀하기를 바라고 있다""라고 보도했다. 토트넘은 오는 19일..."
"[속보] 반도체 반등, 미증시 일제 상승…다우 0.79%↑",2024.10.17.,뉴스1,
[속보] 코스닥 0.73p(0.10%) 내린 765.06(마감),2024.10.17.,이투데이,이투데이=박정호 기자 | 코스닥 0.73p(0.10%) 내린 765.06(마감)
[속보] 코스피 1.06p(0.04%) 내린 2609.30(마감),2024.10.17.,이투데이,이투데이=박정호 기자 | 코스피 1.06p(0.04%) 내린 2609.30(마감)
"[속보] 대통령실 ""부족한 부분 국민 뜻 받아들여 바꾸겠다""",2024.10.17.,뉴스1,
"[속보][뉴욕증시] 3대 지수 일제히 반등...다우, 사상 최고 경신",2024.10.17.,파이낸셜뉴스언론사 선정,
"[속보]한동훈, 김건희 여사 불기소에 ""소상히 설명해야""",2024.10.17.,머니투데이,17일 한동훈 국민의힘 대표
"[속보] 법원, 한의사 '리도카인' 사용 ""불법""…항소 기각",2024.10.17.,청년의사,법원이 초음파 진단기기와 뇌파계 등과 달리 한의사의 전문의약품 사용은 허용하지 않았다. 서울남부지방법원 제3-2형사부(나)는 17일 오후 전문의약품 리도카인을 사용해 의료법 위반 혐의로 기소된 한의사 A씨에게 유죄를 선고한 원심(1심) 판결을 유지했다. 1심에 이어 항소심 재판부도 한의사는...
"[속보] 검찰 ""김건희, 권오수 시세조종에 가담했다고 인정 어려워""",2024.10.17.,뉴스1,
"[속보] 검찰, '도이치 초기 투자자' 尹 장모 최은순도 불기소 처분",2024.10.17.,뉴스1,
"[속보]대통령실 ""2035년 의사 2만명 부족…사실 4000명 증원해야""",2024.10.17.,아시아경제언론사 선정,
"[속보] 한동훈 ""김 여사, 의혹 설명하고 규명 필요한 절차에 협조해야""",2024.10.17.,뉴스1,
"[속보] '강인아 내년에도 내후년에도 나야 엔리케'...파리 생제르맹, 엔...",4주 전,스포탈코리아,"파리 생제르맹(PSG)이 루이스 엔리케 감독과 2시즌 연장에 합의했다는 주장이 제기됐다. 프랑스 매체 'RMC'는 17일(한국시간) ""PSG는 엔리케 감독과의 계약을 2시즌 연장할 것이다. 이는 한동안 작업 중이었던 내용으로 곧 공식적으로 2시즌 연장 발표가 있을 것이다""고 보도했다. 예견된 일이다. 지난달 이후..."
"[속보]'반달가슴곰 복원 사업 20년’…전문가 ""인식 개선·관련 법 개정...",4주 전,전북일보,"2004년 복원 사업 이후 재산 피해 588건⋯사고 등 인간과 접촉도 우려 전문가들 ""호신용품 규제 개정, 무인 센서 카메라 설치해 동향 파악해야"" 사진 = 환경부 제공 속보= 최근 20주년을 맞이한 반달가슴곰 복원 사업이 개체 수 회복 등 성과를 거두고 있으나, 여전히 복원 사업과 관련해 여러 과제가 남아있다는..."
[속보] 코스닥 2.36p(0.31%) 오른 768.15(개장),2024.10.17.,이투데이,이투데이=박정호 기자 | 코스닥 2.36p(0.31%) 오른 768.15(개장)
"[속보] 한강 ""앞으로도 책 속에서 독자들과 만날 터..내년 상반기 기대...",4주 전,파이낸셜뉴스,
[속보]음주 13일만 출두 문다혜 “기사님 신고 덕에 큰 사고 피해…진심...,4주 전,문화일보언론사 선정,용산경찰서 출두하며 ‘사죄문’ 공개 “해서는 안될 큰 잘못…부끄럽고 죄송” 만취 상태로 운전한 혐의로 입건된 문재인 전 대통령의 딸 다혜 씨가 18일 경찰에 출두해 조사를 받았다. 사고 13일 만이다. 서울 용산경찰서는 이날 오후 1시 40분쯤 문다혜 씨를 피의자 신분으로 불러 조사했다. 검은색 정장을 입고...
"[속보] '음주운전' 문다혜, 서울 용산경찰서 조사 마쳐",4주 전,YTN언론사 선정,"술을 마시고 차를 몰다가 접촉 사고를 낸 혐의를 받는 문재인 전 대통령의 딸 다혜 씨가 사고 13일 만에 서울 용산경찰서에 출석해 조사를 받았습니다. 오늘(18일) 오후 1시 40분쯤 모습을 드러낸 문 씨는 기자들의 질문에 죄송하다, 성실히 조사받겠다는 말만 남기고 건물 안으로 들어갔습니다. 대신 사죄문을..."
"[속보] 우크라 정보당국 ""북한군 내달 1일 러 쿠르스크 투입""",4주 전,한국경제언론사 선정,"우크라이나 정보당국이 북한군 수천 명이 내달부터 러시아 본토 쿠르스크에 투입될 것으로 예상했다. 키릴로 부다노우 우크라이나 국방부 정보총국장은 17일(현지시간) 미국 군사매체 더워존(TWZ)에 ""그들은 11월1일에 준비될 것""이라며 선발대 2천600명이 내달 쿠르스크로 갈 것이라고 언급했다. 부다노우..."
"[속보] '다방업주 2명 살해' 이영복, 무기징역 선고",4주 전,뉴스1언론사 선정,
"통계청장 ""속보상 경제지표 개발…자가주거비 촘촘히 따져봐야""(종합)",4주 전,뉴시스언론사 선정,"이형일 통계청장이 18일 ""경제 상황을 정확하게 반영하기 위해 속보상 경제지표 및 포괄적 민간소비지표 개발을 추진하겠다""고 밝혔다. 이형일 청장은 이날 정부대전청사에서 열린 국회 기획재정위원회 국정감사에서 ""역동경제 구현을 위해 통계를 적기에 생산해 제공할 것""이라며 이같이 말했다. 이 청장은..."
[속보] ‘음주운전’ 문다혜 경찰 출석…“죄송하다”,4주 전,서울신문언론사 선정,음주운전 혐의로 입건된 문재인 전 대통령의 딸 다혜씨가 사고 13일 만인 18일 경찰에 출석했다. 서울 용산경찰서는 이날 오후 1시 40분쯤 문씨를 피의자 신분으로 불러 조사 중이다. 이날 문씨는 검은색 정장을 입고 굳은 표정으로 경찰서 앞에 나타나 고개를 숙였다. 취재진이 심경을 묻자 문씨는...
"[속보] 국정원 ""북한, 우크라戰 1만2000명 파병해 참전""",4주 전,파이낸셜뉴스언론사 선정,국가정보원은 18일 북한이 우크라이나 전쟁에 특수부대 등 1만2000명을 파병했다고 밝혔다. 이는 앞서 우크라 현지 매체에서 보도한 북한군 파병이 사실로 확인된 것이다. 북한과 러시아의 군사협력에 따라 무기거래에 더해 파병까지 나서 직접 참전하기에 이른 것이다.
"[속보] 몬테네그로 헌재, 권도형 범죄인 인도 집행정지",4주 전,중앙일보,몬테네그로 헌법재판소가 범죄인 인도 절차를 중지해달라는 ‘테라·루나’ 폭락 사태의 핵심 인물 권도형 씨 측이 낸 가처분 신청을 18일(현지시간) 받아들였다. 헌재는 이날 권씨 측이 헌법소원을 내면서 본안 결정 전에 범죄인 인도 절차의 집행을 정지해 달라고 낸 신청을 재판관 전원 일치 의견으로...
"[속보]尹대통령, 21일 대통령실서 한동훈 면담…의제 제한두지 않기로",4주 전,매일경제언론사 선정,윤석열 대통령이 오는 21일 오후 4시30분 국민의힘 한동훈 대표와 만나 국정 현안을 논의할 예정이라고 대통령실이 18일 전했다. 이 자리에는 정진석 대통령 비서실장이 배석할 것으로 알려졌다. 구체적인 면담 장소는 아직 정해지지 않았다. 양측은 의제에 제한을 두지 않고 논의할 방침으로 전해졌다.
"[속보] 이재명, ‘김건희 불기소’에 “법치 사망 선고”",4주 전,헤럴드경제언론사 선정,이재명 더불어민주당 대표는 18일 검찰의 김건희 여사 도이치모터스 주가 조작 의혹 사건 무혐의 처분과 관련해 “어제는 대한민국 법치 사망 선고일”이라고 비판했다. 또 민주당 지도부는 이날 최고위에서 심우정 검찰총장 탄핵을 추진하기로 결정했다. 이 대표는 이날 오전 국회에서 열린 최고위원회의에서...
"[속보] 이재명, ‘김건희 불기소’에 “법치 사망 선고”",4주 전,헤럴드경제언론사 선정,이재명 더불어민주당 대표는 18일 검찰의 김건희 여사 도이치모터스 주가 조작 의혹 사건 무혐의 처분과 관련해 “어제는 대한민국 법치 사망 선고일”이라고 비판했다. 또 민주당 지도부는 이날 최고위에서 심우정 검찰총장 탄핵을 추진하기로 결정했다. 이 대표는 이날 오전 국회에서 열린 최고위원회의에서...
"[속보] 문다혜, 검은색 정장 입고 경찰 출석 ""죄송하다""",4주 전,주간조선언론사 선정,"음주 운전 혐의를 받는 문재인 전 대통령의 딸 다혜(41)씨가 경찰에 출석하며 모습을 드러냈다. 다혜씨는 ""죄송하다""며 고개를 숙였다. 18일 경찰에 따르면, 서울 용산경찰서는 이날 오후 도로교통법 위반(음주운전) 혐의를 받는 다혜씨를 피의자 신분으로 소환했다. 오후 1시 40분쯤 용산서에 도착해 검은색 정장..."
[속보]하마스 수장 신와르 사망…가자지구 전쟁의 중대 분수령 될 듯,4주 전,경향신문언론사 선정,팔레스타인 무장정파 하마스의 최고 정치지도자 야히야 신와르(62)가 사망한 것으로 이스라엘 정부에 의해 확인됐다. 하마스 수장을 지내온 신와르의 사망은 1년 넘게 이어진 가자지구 전쟁에 중대한 분수령이 될 것으로 전망된다. 17일(현지시간) 이스라엘 일간지 타임스오브이스라엘(TOI)에 따르면...
[속보]50대 경찰관 여수 야산서 숨진 채 발견…수사 정보 유출 민원 스트...,4주 전,문화일보언론사 선정,전남 여수의 한 야산에서 50대 현직 경찰관이 숨진 채 발견됐다. 해당 경찰관은 최근 사건을 맡아 처리하는 과정에서 수사 정보를 유출했다는 민원이 제기돼 극심한 업무 스트레스를 받아왔던 것으로 알려졌다. 18일 전남 장흥경찰서 등에 따르면 지난 10일 장흥경찰서 수사과 소속 50대 A 경위가 여수 자택...
"[속보] 윤 대통령, ‘北 러시아 파병’에 긴급회의…“가용 수단 총동원...",4주 전,문화일보언론사 선정,"""러북 군사 밀착, 국제사회 향한 중대 안보 위협"" 윤석열 대통령은 18일 북한군의 러시아 파병설과 관련해 긴급 안보 회의를 주재했다. 윤 대통령은 이날 용산 대통령실에서 국가안보실, 국방부, 국가정보원 핵심 관계자 등이 참석한 가운데 ‘북한 전투병의 러시아 파병에 따른 긴급 안보 회의’를 열어 대응..."
[속보] 中 3분기 성장률 4.6%…'연간 5% 성장' 목표 적신호,4주 전,한국경제언론사 선정,이 기사는 국내 최대 해외 투자정보 플랫폼 한경 글로벌마켓에 게재된 기사입니다. 중국의 올 3분기 국내총생산(GDP) 증가율이 전년 동기 대비 4.6%에 그쳤다. 중국 정부의 올해 5% 안팎 성장률 목표에도 적신호가 켜졌다.
"[속보] 국정원 ""북, 우크라전 참전…특수부대 등 파병 결정""",4주 전,매일신문언론사 선정,"북한이 러시아를 돕기 위해 우크라이나 전쟁에 대규모 파병을 결정했고, 병력 이동에 착수한 것으로 우리 정보당국이 파악했다. 국가정보원은 18일 ""북한이 특수부대 등 4개 여단 총 1만2천 명 규모의 병력을 우크라이나 전쟁에 파병하기로 한 것으로 파악됐다""고 밝혔다. 국정원 소식통은 ""북한군의 이동이 이미..."
[속보]음주 13일만 출두 문다혜 “기사님 신고 덕에 큰 사고 피해…진심...,4주 전,문화일보언론사 선정,용산경찰서 출두하며 ‘사죄문’ 공개 “해서는 안될 큰 잘못…부끄럽고 죄송” 만취 상태로 운전한 혐의로 입건된 문재인 전 대통령의 딸 다혜 씨가 18일 경찰에 출두해 조사를 받았다. 사고 13일 만이다. 서울 용산경찰서는 이날 오후 1시 40분쯤 문다혜 씨를 피의자 신분으로 불러 조사했다. 검은색 정장을 입고...
"[속보] 尹, 21일 오후 한동훈 국민의힘 대표와 면담",4주 전,서울경제언론사 선정,"윤석열 대통령과 한동훈 국민의힘 대표가 21일 회동한다. 대화 의제에 제한 없이 대화를 할 예정이다. 대통령실 대변인실은 18일 공지를 통해 윤 대통령과 한 대표의 면담 일정을 확정해 전했다. 장소는 대통령실로 면담은 오후 4시 30분 진행될 예정이다. 정진석 대통령 비서실장이 배석할 예정으로, 의제에..."
"[속보] 하마스, 수장 신와르 사망 확인",4주 전,연합뉴스언론사 선정,
[속보] 충남·경기 서해안 호우특보...호남 서해안엔 폭풍해일주의보,4주 전,YTN언론사 선정,"강한 비구름이 유입되면서 충남 서해안과 경기 서해안을 중심으로 호우특보가 확대하고 있습니다. 기상청은 태안과 당진, 서산, 인천 옹진에 낮 1시를 기해 호우주의보를 발령한 데 이어 경기도 안산과 화성, 인천 전 지역에도 오후 2시 50분부터 호우주의보를 확대했습니다. 기상청은 서해 상에서 강한..."
[속보] '음주운전 교통사고' 문다혜 경찰 출석,4주 전,연합뉴스언론사 선정,
"[속보] 국정원 ""북, 우크라전에 1.2만명 파병 결정…이미 이동 시작됐다...",4주 전,아이뉴스24언론사 선정,"북한이 러시아를 돕기 위해 우크라이나 전쟁에 대규모 파병을 결정, 병력 이동에 착수한 것으로 우리 정보당국이 파악했다. 국가정보원은 18일 ""북한이 특수부대 등 4개 여단 총 1만2천명 규모 병력을 우크라이나 전쟁에 파병하기로 최근 결정한 것으로 파악됐다""고 밝혔다. 북한 지상군의 대규모 파병은 이번이..."
"[속보] ""북한군 러시아 극동서 훈련…러 신분증 발급돼""",4주 전,연합뉴스언론사 선정,
[속보] 중국 3분기 성장률 4.6%…‘연간 5% 성장’ 목표 빨간불,4주 전,매일경제언론사 선정,"중국 국가통계국은 올해 3분기 국내총생산(GDP)이 전년동기대비 4.6% 증가했다고 18일 밝혔다. 이는 시장 예상치인 4.6%에 부합하는 것으로, 블룸버그통신이 예측한 4.5%보다는 약간 높다. 분기별 GDP 성장률은 지난 2023년 1분기 4.5% 이후 가장 낮은 수준을 기록했다. 중국 경제는 지난해 3분기 4.9%, 4분기 5.2..."
"[속보] 尹대통령, '北 러시아 파병' 긴급 안보회의 주재",4주 전,연합뉴스언론사 선정,
"[속보] 민주당 ""심우정 검찰총장 탄핵소추할 것""",4주 전,연합뉴스언론사 선정,
[속보] LG-삼성의 PO 4차전 우천 취소…19일 오후 2시로 순연,4주 전,뉴스1,
"[속보] 문다혜 ""해서는 안 될 큰 잘못…부끄럽고 죄송""",4주 전,연합뉴스언론사 선정,
"[속보] ""블라디보스토크로 북한군 1천500명 1차 이송…2차 곧 진행""",4주 전,연합뉴스언론사 선정,
"[속보] 국정원 ""북, 우크라전 참전…특수부대 등 1만2천명 파병 결정""",4주 전,연합뉴스언론사 선정,
"[속보]대통령실 ""윤 대통령-한동훈 대표, 다음주 월요일 만나기로""",4주 전,머니투데이,"18일, 대통령실"
"[속보] '음주운전' 문다혜, 경찰 소환조사 출석",4주 전,뉴스1언론사 선정,
"[속보] 윤 대통령, 21일 오후 한동훈 국민의힘 대표와 면담",4주 전,뉴스1언론사 선정,
"[속보]尹대통령, 21일 한동훈과 면담",4주 전,이데일리언론사 선정,"尹대통령, 21일 한동훈과 면담"
[속보]다우지수 사상 최고치 또 경신…강한 美소비+반도체 힘,4주 전,이데일리언론사 선정,뉴욕증시에서 다우지수와 나스닥 지수가 소폭 상승 마감했다. 미국 경제가 탄탄하다는 소식과 함께 세계 최대 파운드리(반도체 위탁생산)업체인 TSMC의 실적 호조에 힘입어 반도체주들이 호조를 보였다. 뉴욕증권거래소에서 트레이더가 환한 미소를 짓고 있다. (사진=AFP) 17일(현지시간)...
"[속보] 이란, 하마스 수장 피살에 “저항 정신 거세질 것”",4주 전,국민일보,이란은 17일(현지시간) 팔레스타인 무장정파 하마스 수장 야히야 신와르가 이스라엘의 공격으로 피살된 데 “저항 정신이 거세질 것”이라며 강경 대응을 예고했다. 로이터 통신에 따르면 아미르 사에이드 이라바니 주유엔 이란 대사는 이날 신와르 피살과 관련해 이같은 입장을 밝혔다. 앞서 이스라엘군은...
"[속보]국정원 ""러시아 해군, 北 특수부대 수송..참전개시 확인""",4주 전,파이낸셜뉴스,국가정보원은 북한이 지난 8일부터 러시아 파병을 위한 특수부대 병력 이동을 시작했다고 18일 밝혔다. 국정원은 지난 8월 초 북한 미사일 개발의 핵심인 김정식 군수공업부 제1부부장이 수십명의 북한군 장교와 함께 수차례 러시아-우크라이나 전선 인근 북한 ‘KN-23 미사일’ 발사장을 방문해 현지 지도하고...
[속보] 윤 대통령 지지율 22%…직전보다 1%p 하락 [갤럽],4주 전,뉴스1언론사 선정,
"[속보]대통령실 ""尹대통령-韓대표, 21일 면담""",4주 전,노컷뉴스언론사 선정,"대통령실 ""尹대통령-韓대표, 21일 면담"" ※CBS노컷뉴스는 여러분의 제보로 함께 세상을 바꿉니다. 각종 비리와 부당대우, 사건사고와 미담 등 모든 얘깃거리를 알려주세요.이메일 : 카카오톡 : @노컷뉴스사이트 : https://url.kr/b71afn"
"[속보] 美민주 해리스, '신와르 사망'에 ""정의가 실현됐다""",4주 전,연합뉴스언론사 선정,
"[속보]국정원 ""북한군, 러시아군으로 위장..러북 군사협력 공식 확인""",4주 전,파이낸셜뉴스언론사 선정,"국가정보원은 18일 ""북한군은 러시아 군복과 러시아제 무기를 지급 받았으며, 북한인과 유사한 용모의 시베리아 야쿠티야ㆍ부라티야 지역 주민 위조 신분증도 발급받았다""면서 ""전장 투입 사실을 숨기기 위해 러시아군으로 위장한 것으로 보인다""고 밝혔다. 국정원 관계자는 ""그간 해외 언론들이 제기한 '러-북..."
"[속보] 윤 대통령, 북 전투병 러시아 파병 관련 안보 점검회의 주재",4주 전,뉴스1언론사 선정,
"[속보] 문다혜, 경찰 소환조사 약 4시간 만에 종료",4주 전,세계일보언론사 선정,"음주운전 혐의로 입건된 문재인 전 대통령의 딸 문다혜 씨가 18일 서울 용산경찰서에서 열린 조사에 출석하고 있다. 뉴시스 문다혜, 경찰 소환조사 약 4시간 만에 종료"
"[속보] 이스라엘군 ""지난 16일 가자 남부 작전서 신와르 제거""",4주 전,연합뉴스언론사 선정,
"[속보] 네타냐후 ""하마스, 더는 통치 못해…이, 전면전 계속할 것""",4주 전,연합뉴스언론사 선정,
"[속보]네타냐후, 신와르 사망에 ""하마스, 더는 가자지구 통치 않는다""",4주 전,뉴시스언론사 선정,후속기사가 이어집니다
[속보]'음주운전 혐의' 문다혜씨 용산서 출석,4주 전,파이낸셜뉴스언론사 선정,
"[속보] 특수부대도 보냈다…북한, 러시아에 1.2만명 파병",4주 전,머니투데이언론사 선정,18일 국가정보원.
"[속보] 중국 3분기 GDP 4.6% 성장…전분기 4.7% 하회, 예상 4.5% 상회",4주 전,뉴스1언론사 선정,
"[속보] 국정원 ""北, 러-우크라이나전에 4개여단 1만2000명 파병""",4주 전,뉴스핌,이영종 통일전문기자 = 자세한 뉴스는 곧 전해드리겠습니다.
"[속보] 바이든, '신와르 사망'에 ""이스라엘·미국·전세계에 좋은 일""",4주 전,연합뉴스언론사 선정,
"[속보] '만취 운전 사망사고' DJ예송, 2심서 징역 8년으로 감형…왜?",4주 전,아이뉴스24,만취 상태로 벤츠 차량을 몰다 오토바이 운전자를 치어 숨지게 한 DJ 예송(본명 안예송 씨)이 2심에서 감형받았다. 18일 서울중앙지법 형사항소5-2부(부장판사 김용중·김지선·소병진)는 이날 특정범죄 가중처벌 등에 관한 법률 위반(위험 운전 치사) 혐의로 기소된 안 씨에게 징역 10년을 선고한 원심을...
"[속보]美국방부 ""이스라엘의 신와르 사살 작전, 미군 관여하지 않아""",4주 전,뉴시스언론사 선정,후속기사가 이어집니다
[속보] 남한 작전지도 펼쳐놓은 김정은 “주권침해시 물리력 사용”,4주 전,국제신문언론사 선정,"서울작전지도 펼쳐놓은 김정은 “주권침해시 물리력 사용” 김정은 북한 국무위원장이 우리나라를 적국, 타국이라 부르며 “한국이 주권을 침해하면 물리력을 조건에 구애됨 없이, 거침없이 사용하겠다”고 위협했다. 김 위원장은 지난 17일 인민군 제2군단 지휘부를 방문한 자리에서 이틀 전 경의선·동해선..."
"[속보]윤, '北전투병 러시아 파병' 긴급 안보회의 주재…""중대한 안보 위...",4주 전,CJB청주방송,"윤석열 대통령은 18일 용산 대통령실에서 '북한 전투병 러시아 파병'에 따른 긴급 안보회의를 주재했다고 대통령실이 밝혔습니다. 윤 대통령은 국가안보실, 국방부, 국가정보원 핵심 관계자들이 참석한 이번 회의에서 북한군의 러시아 파병 및 우크라이나전 참전이 우리 안보에 미칠 영향을 종합적으로 점검하고..."
[속보]‘음주운전 혐의’ 문다혜씨 용산서 출석…“죄송합니다”,4주 전,헤럴드경제언론사 선정,지난 5일 오전 이태원동 해밀톤호텔 앞 이태원역 삼거리에서 만취 상태로 음주운전 사고를 낸 문재인 전 대통령의 딸 다혜 씨가 18일 오후 용산경찰서에 출석했다. 그는 취재진의 질문에 “죄송하다. 성실히 조사 받겠다”는 한 마디를 남기고 조사실로 들어갔다
[속보] 외국인 노동자 국민연금 가입 5년간 1.5배로…중국인 가장 많아,4주 전,디지털타임스,"국민연금에 가입한 외국인 노동자가 최근 5년간 1.5배로 불어났다. 이 중에서 중국인이 가장 많았으며, 전체의 절반 가까이를 차지하는 것으로 파악됐다. 18일 국회 보건복지위원회 소속 김남희 의원(더불어민주당)이 국민연금공단에서 받은 자료에 따르면 국민연금 외국인 가입자는 2019년..."
"[속보] 홍명보호, 요르단 또 간다…11월19일 팔레스타인 원정, 암만에서...",4주 전,엑스포츠뉴스,태극전사들이 요르단을 한 번 더 간다. 팔레스타인과 격돌하기 위해 요르단을 간다. 아시아축구연맹은 18일(한국시간) 홈페이지를 통해 2026 북중미 월드컵 아시아 3차예선 B조 팔레스타인-한국 경기 장소를 요르단 암만의 국제경기장으로 결정했다고 발표했다. 한국은 팔레스타인과 11월19일 오후 11시에...
"[속보][뉴욕증시] 다우, 이틀 연속 사상 최고...S&P500, 약보합",4주 전,파이낸셜뉴스언론사 선정,
"[속보] 이란, 하마스 수장 피살에 ""저항 정신 거세질 것""",4주 전,헤럴드경제언론사 선정,"이란, 하마스 수장 피살에 ""저항 정신 거세질 것"""
[속보] 북한 김정은이 한국을 '외국'또는'적대국'으로 불러 - 중국 관영...,4주 전,뉴시스,"북한 최고 지도자 김정은이 한국을 ""외국이며 어쩌면 적국인 나라""라 부르면서 ""동포라는 인식은 소용없고 통일도 비이성적인 생각""이라고 규정했다고 중국 관영신화통신이 북한의 조선 중앙통신을 인용해서 18일 새벽 '긴급 속보'로 연속 보도했다. 조선중앙통신과 북한 노동당 기관지 노동신문은 18일..."
"[속보] 국정원 ""러시아 파병 北 전투병, 전선에 투입 예정""",4주 전,뉴스1,
[속보] '삼성 vs LG' KBO 플레이오프 4차전 우천취소,4주 전,이투데이,이투데이=기정아 기자 | 18일 잠실구장에서 열릴 예정이었던 '2024 신한 SOL뱅크 KBO 포스트시즌' 플레이오프 4차전이 우천취소됐다. 4차전은 19일 오후 2시 잠실야구장에서 순연돼 진행된다. 5차전은 20일 오후 2시 대구 삼성 라이온즈 파크에서 진행 예정이다.
[속보] 창원 정병터널 화물차 사고발생...'전면 통행불가',4주 전,국제뉴스,"속보(사진=국제뉴스DB) 창원에서 교통사고가 발생해 도로가 통제된다. 시는 18일 재난문자를 통해 ""오늘 오후 3시 49분경 정병터널(창원에서 북면 방향) 화물차 단독 사고로 1, 2차로 전면 통행불가""라고 알렸다. 이어 ""안전 사고에 유의하고 차량은 우회해 주기 바란다""고 안내했다."
"[속보]이스라엘군 ""신와르 사망 확인…포위망 좁혀간 덕""",4주 전,뉴시스언론사 선정,후속기사가 이어집니다
[속보] 中 3분기 성장률 4.6%…'연간 5% 성장' 목표 빨간불,4주 전,MBN언론사 선정,中 3분기 성장률 4.6%…'연간 5% 성장' 목표 빨간불
"[속보]해리스 ""신와르 손에 미국인 피 묻어…제거돼 정의 실현""",4주 전,뉴시스언론사 선정,후속기사가 이어집니다
"[속보] 대만 TSMC 실적 호재, 미증시서 10% 폭등",4주 전,뉴스1,
"[속보] 이재명, '김건희 불기소'에 ""법치 사망 선고""",4주 전,이코노미스트,"이재명, '김건희 불기소'에 ""법치 사망 선고”"""
[속보] 코스닥 11.70p(1.53%) 내린 753.36(마감),4주 전,이투데이,이투데이=정성욱 기자 | 코스닥 11.70p(1.53%) 내린 753.36(마감)
[속보] 코스피 15.19p(0.58%) 내린 2594.11(마감),4주 전,이투데이,이투데이=정성욱 기자 | 코스피 15.19p(0.58%) 내린 2594.11(마감)
"[속보]CNN ""이스라엘, DNA 검사 결과 美에 전달…신와르 사망 확인""",4주 전,뉴시스언론사 선정,후속기사가 이어집니다
"[속보] 반도체 랠리, 다우 0.37% 상승…또 사상 최고치",4주 전,뉴스1,
[속보]中 3분기 GDP 증가율 4.6%…2분기 연속 5% 하회,4주 전,뉴시스,후속기사가 이어집니다
"[속보] 음주운전 문다혜, 경찰 출석…""죄송하다""",4주 전,더팩트,"음주운전 사고로 입건된 문재인 전 대통령 딸 다혜(41) 씨가 18일 오후 1시40분께 경찰에 출석했다. 문 씨는 ""죄송하다""고 말한 뒤 피의자 조사를 받으러 들어갔다."
"[속보] '배달원 사망' 만취 운전 DJ예송, 2심 징역 8년",4주 전,머니투데이,=18일 서울중앙지법
"[속보] 국정원 ""북 특수부대 1,500명, 8~13일 러시아 이동""",4주 전,연합뉴스TV언론사 선정,"- ""극동 지역 분산 배치…적응 훈련 마치고 전선 투입"" - ""북한군, 러 군복과 무기 지급받아…위조 신분증도"" - ""북, 1만3천개 컨테이너로 러시아에 살상무기 지원"" - ""작년 8월부터 지원…포탄 800만발 이상 추정"" - ""러북 군사협력 의혹 공식 확인…지속 추적할 것"" #국가정보원 #북한 #특수부대 #극동지역..."
[속보]중국 9월 생산 5.4%·소비 3.2% 증가…예상치 상회,4주 전,이데일리,중국 국가통계국은 9월 산업생산이 전년동월대비 5.4% 증가했다고 18일 밝혔다. 이는 시장 예상치 4.6%와 전월 증가폭 4.5%를 웃도는 수준이다. 소매판매는 같은 기간 3.2% 늘어 역시 시장 예상치(2.5%)와 전월 증가폭(2.1%)을 상회했다. 1~9월 고정자산 투자는 전년동기대비 3.4% 증가해 시장 예상치 3.3%를...
"[속보]주춤하는 중국 경제, 3분기 GDP 4.6% 성장 그쳐",4주 전,이데일리,중국 국가통계국은 올해 3분기 국내총생산(GDP)이 전년동기대비 4.6% 증가했다고 18일 밝혔다. 이는 시장 예상치인 4.6%에 부합하는 수준이다. 블룸버그통신이 예측한 4.5%보다는 소폭 높다. 분기별 GDP 성장률은 2023년 1분기 4.5% 이후 가장 낮은 수준을 기록했다. 올해 누적 GDP 성장률은 4%대로 중국...
"[속보]""네타냐후, '하마스 수장' 신와르 사망 사실 인질 가족에 전달 지...",4주 전,뉴시스언론사 선정,후속기사가 이어집니다
"[속보] 이스라엘 외무 ""하마스 수장 야히아 신와르 사망""",4주 전,뉴스1,
[속보] 코스닥 0.65p(0.08%) 오른 765.71(개장),4주 전,이투데이,이투데이=정성욱 기자 | 코스닥 0.65p(0.08%) 오른 765.71(개장)
[속보] 코스피 6.74p(0.26%) 오른 2616.04(개장),4주 전,이투데이,이투데이=정성욱 기자 | 코스피 6.74p(0.26%) 오른 2616.04(개장)
"[속보]'문재인 전 대통령' 딸 다혜씨, 경찰 출석…음주운전 혐의",4주 전,머니투데이,18일 서울 용산경찰서.
"[속보] 김해, 상동면 IBK기업은행 앞 침수...통제중",4주 전,국제뉴스,"속보(사진=국제뉴스DB) 경남 김해시가 호우로 인해 도로를 통제한다. 시는 18일 재난문자를 통해 ""상동면 IBK기업은행 앞(상동면 상동로 879) 침수로 인해 통제 중""이라고 알렸다. 이어 ""차량은 우회 운행하고 안전에 유의바란다""고 안내했다."
"[속보]뉴욕증시, 보합권서 혼조 마감…다우 또 최고치",4주 전,아시아경제,"미국 뉴욕증시의 3대 지수는 17일(현지시간) 보합권에서 혼조세로 마감했다. 이날 뉴욕증권거래소(NYSE)에서 다우존스30산업평균지수는 전 거래일보다 0.37% 올라 거래를 마쳤다. 대형주 중심의 S&P500지수는 0.02% 내렸고, 기술주 중심의 나스닥 지수는 0.04% 올라 장을 마감했다."
"[속보] 부산 기장, 무곡지하차도 통제...'차량 우회'",4주 전,국제뉴스,"속보(사진=국제뉴스DB) 부산시 기장군이 호우로 인해 도로를 통제한다. 군은 18일 재난문자를 통해 ""금일 많은 비가 내리고 있어 무곡지하차도를 통제한다""고 알렸다. 이어 ""주변 도로 이용차량은 우회하기 바란다""고 안내했다."
[속보] 尹 만나는 한동훈 “변화·쇄신 필요성 논의…배석 유무 중요치...,4주 전,헤럴드경제,[속보] 尹 만나는 한동훈 “변화·쇄신 필요성 논의…배석 유무 중요치 않아”
[속보] 양산 강서동 어곡로 일부 구간 토사유출...도로통제,4주 전,국제뉴스,"속보(사진=국제뉴스DB) 경남 양산에서 호우로 인해 토사가 유출됐다. 시는 18일 재난문자를 통해 ""강서동 어곡로(강서~원동넘어가는길) 일부구간(어곡로29~어곡동 871-12번지 구간) 호우로 인한 토사유출로 도로 통제 중""이라고 알렸다. 이어 ""차량은 우회해 주기 바란다""고 안내했다."
"[속보] ""우크라이나 파병 북한군 지난 8일 러시아로 이동""",4주 전,뉴스핌,이영종 통일전문기자 = 자세한 뉴스는 곧 전해드리겠습니다.
"[속보] 세니젠 VI 발동, 주가 16% 점프",4주 전,CBC뉴스,속보 자료사진. 세니젠(188260)의 VI가 발동됐다. 세니젠은 18일 오전 9시 45분 현재 4240원에 거래되고 있다. 전일 종가대비 610원(+16.80%) 오른 것이다. 세니젠은 앞서 지난 17일 상한가로 마감한 바 있다. 2거래일 연속 급등세를 보인 셈이다. 세니젠은 금일장까지 껑충 뛰면서 4000원선을 넘긴...
"[속보] ""우크라 파병 북한군, 시베리아 주민으로 위장해 이동""",4주 전,뉴스핌,이영종 통일전문기자 = 자세한 뉴스는 곧 전해드리겠습니다.
"'60대 女 다방 업주 2명 살해' 이영복 무기징역 선고…""인간성 회복 기대...",4주 전,강원일보언론사 선정,속보=경기 고양시와 양주시에서 홀로 영업하는 60대 여성 다방 업주 2명을 잇달아 살해한 혐의 등으로 구속기소된 이영복(57)에게 무기징역이 선고됐다. 법조계에 따르면 의정부지법 고양지원 형사합의1부(김희수 부장판사)는 18일 강도살인 및 성폭력처벌법 위반(강간 등 살인)혐의로 구속기소된 이씨에게...
"[속보] 국정원 ""北 특수부대 1500명, 러 함정 타고 블라디로 이동""",4주 전,뉴스1,
[속보] 서산시 초록광장 사업 '조건부 통과',4주 전,굿모닝충청,"충남 서산시의 '뜨거운 감자'인 예천지구 공영주차장 조성사업(초록광장)에 대한 행정안전부 지방재정투자심사가 조건부 통과로 결론난 것으로 전해졌다. 18일 <굿모닝충청> 취재를 종합하면 행정안전부는 지난달 말 민간위원회를 열어 해당 사업에 대한 검토를 진행했으며, 이날 충남도를 통해 시에 그..."
"[속보] 금값 2700달러 돌파, 사상 최고치 경신",4주 전,국제뉴스,"사진제공/AFP통신 지정학적 불확실성이 고조된 가운데, 거래자들이 안전 자산인 금에 몰리면서 금 가격이 사상 처음으로 온스당 2,700달러를 돌파했다고 AFP통신이 18일(현지시간) 보도했다. 이스라엘이 하마스 지도자 야히야 신와르를 살해했다고 발표한 후 중동에서도 불확실성이 커졌다. 이날 금값은..."
[속보] 인천 남동경찰서~인천시립요양원 도로 침수 교통통제,4주 전,국제뉴스,속보(사진=국제뉴스DB) 인천 남동구에서 도로 침수로 교통이 통제중이다. 인천 남동구는 18일 재난문자를 통해 이날 오후 1시 남동경찰서 인근(남동경찰서~인천시립요양원) 도로 침수로 인하여 통제 중이라고 알렸다. 이어 안전을 위해 우회바란다고 당부했다.
"[속보] ""북한군 특수부대 1500명 러 블라디보스토크로 이동완료""",4주 전,뉴스핌,이영종 통일전문기자 = 자세한 뉴스는 곧 전해드리겠습니다.
"[속보] 양주 덕정동 파르크프라자 화재 ""대피요망""",4주 전,국제뉴스,"119소방차, 화재, 소방, 속보 (사진=국제뉴스DB) 양주시 파르크프라자에서 화재가 발생했다. 18일 오전 8시 55분 경기도 양주시 덕정동 208-5 파르크프라자 건물에서 화재 발생했다. 양주시는 인근 차량은 건물 주변 도로를 우회하고, 건물 내 시민은 건물 밖으로 대피하라고 전했다."
"[속보] 합참 ""북한, 대남 쓰레기풍선 또 부양""",3주 전,한국경제언론사 선정,"합동참모본부가 ""북한이 대남 쓰레기 풍선 추정 물체를 또다시 부양하고 있다""고 19일 밝혔다. 북한이 쓰레기 풍선을 띄운 것은 부양 시작 시점을 기준으로 지난 11일 이후 8일 만이다. 북한은 지난 5월 이후 이번까지 총 29차례 쓰레기 풍선을 살포했다. 합참은 풍향을 고려할 때 풍선이 경기도 및 강원도로 이동할..."
"[속보] 합참 ""북한, 대남 쓰레기풍선 또 부양""",3주 전,연합뉴스언론사 선정,
[속보]네타냐후 이스라엘 총리 자택에 드론 공격…“인명 피해 없었다”,3주 전,헤럴드경제언론사 선정,"베냐민 네타냐후 이스라엘 총리 자택이 19일(현지시간) 무인기(드론) 공격을 받았다고 타임스오브이스라엘 등 현지 매체들이 전했다. 이와 관련해 총리실은 네타냐후 총리 부부가 공습 당시 집에 없었고, 이 공격으로 인한 인명 피해도 없었다고 전했다. 이스라엘군은 드론 공습 당시 이 지역 내 경보 시스템이..."
[속보] 한 총리 “여순사건 아픈 역사 되풀이 안돼…희생자 심사 속도 ...,4주 전,서울신문,한덕수 국무총리는 19일 “여수·순천 10·19 사건이 지워진 비극이 아니라 살아있는 대한민국의 역사가 되도록 노력하겠다”고 말했다. 한 총리는 이날 전남 보성군 한국차문화공원에서 열린 여수·순천 10·19 사건 제76주기 합동 추념식에 참석해 추념사를 통해 “여순사건의 온전한 진상규명과 희생자분들의...
"[속보] 삼성라이온즈, 9년 만에 한국시리즈 진출",3주 전,매일신문,삼성 라이온즈가 9년 만에 프로야구 한국시리즈(7전 4승제)에 진출하게 됐다. 삼성은 19일 서울 잠실구장에서 개최된 2024 신한 SOL뱅크 KBO 포스트시즌 플레이오프(PO·5전 3승제) 4차전에서 8회에 터진 강민호의 홈런으로 LG 트윈스를 1-0으로 꺾었다. PO를 3승 1패로 통과하면서 삼성은 정규리그...
"[속보] 미쳤다, 손흥민! ‘복귀전 복귀골’ 터졌다! 리그 3호 골 폭발!·...",3주 전,스포츠경향,부상에서 돌아온 손흥민(32·토트넘)이 복귀전에서 복귀골을 터트렸다. 토트넘 홋스퍼는 19일 오후 8시 30분(한국시간) 영국 런던의 토트넘 홋스퍼 스타디움에서 열린 2024-25 잉글랜드 프리미어리그(EPL) 8라운드 런던 더비에서 웨스트햄 유나이티드에 4-1로 앞서고 있다. 엔제 포스테코글루 감독이 이끄는 홈팀...
[속보] 손흥민 웨스트햄 상대 리그 3호골 터트려,3주 전,CBC뉴스,손흥민 자료사진. [단박에 - CBC뉴스 | CBCNEWS] 부상에서 복귀한 손흥민이 웨스트햄전에서 리그 3호골을 쏘아올렸다. 한국시간으로 19일 열린 토트넘 홋스퍼와 웨스트햄 유나이티드의 2024-2025 프리미어리그 8라운드에서 손흥민이 60분경 팀의 네번째 득점에 성공했다. 손흥민의 득점으로 팀은 4-1로...
"[속보] 23일 만에 돌아온 손흥민, 복귀전서 득점…시즌 3호골",3주 전,뉴스1,
"[속보]상주 한우농장서 럼피스킨 발생…“이달만 5건, 전국 전파 우려”",3주 전,헤럴드경제언론사 선정,럼피스킨 방역대책본부(방대본)는 19일 경북 상주시의 한 한우농장에서 럼피스킨 발생이 확인됐다고 밝혔다. 지난 10일 강원 양양군에서 발생이 보고된 후 9일 만의 추가 발생 사례다. 올해 경북에서 럼피스킨이 확인된 건 처음이기도 하다. 럼피스킨은 바이러스 감염을 원인으로 하는 소나 물소의 감염증이다....
[속보] 1142회 '로또' 당첨번호 37·41·30·2·28·8…보너스 번호 22,3주 전,머니투데이,"19일 1142회 '로또 6/45' 당첨번호, 37·41·30·2·28·8…보너스 번호 22"
[속보] 손흥민 웨스트햄 상대 리그 3호골 터트려,3주 전,CBC뉴스,손흥민 자료사진. [단박에 - CBC뉴스 | CBCNEWS] 부상에서 복귀한 손흥민이 웨스트햄전에서 리그 3호골을 쏘아올렸다. 한국시간으로 19일 열린 토트넘 홋스퍼와 웨스트햄 유나이티드의 2024-2025 프리미어리그 8라운드에서 손흥민이 60분경 팀의 네번째 득점에 성공했다. 손흥민의 득점으로 팀은 4-1로...
"[속보] 23일 만에 돌아온 손흥민, 복귀전서 득점…시즌 3호골",3주 전,뉴스1,
"[속보][뉴욕증시] S&P500도 사상 최고 합류...다우, 3일 연속 사상 최고",4주 전,파이낸셜뉴스언론사 선정,
"[속보] 'KIA 나와라' 삼성, LG꺾고 9년 만에 한국시리즈 진출[PO4]",3주 전,뉴스1,
"[속보] 손흥민 복귀 ""3호골→상대 자책골"" 토트넘 경기일정·중계",3주 전,국제뉴스,"손흥민 (사진=토트넘SNS) 손흥민이 선발출전해 3호골이 아쉽게 상대 자책골로 인정됐다. 24-25 프리미어리그 토트넘 넘 웨스트햄 경기가 토트넘 홋스퍼 스타디움에서 펼쳐지고 있다. 손흥민 허벅지 부상을 딛고 재활치료가 성공적으로 마무리, 웨스트햄전에 선발출전한 가운데 토트넘 선발라인업은 손흥민..."
"[속보] 조국 대표 ""금투세 폐지에 반대표... '검찰개혁 4법'은 조속히 통...",4주 전,국제뉴스,"▲조국혁신당 조국 대표 / 국제뉴스DB 조국혁신당 조국 대표는 19일 더불어민주당에 대해 ""금융투자소득세(금투세) 폐지 법안이 본회의에 상정된다면 혁신당은 반대표를 던질 것""이라고 강조했다. 조 대표는 자신의 페이스북을 통해 민주당에 금투세를 예정대로 시행하고, 혁신당이 발의한 '검찰개혁 4법'을..."
[속보]다우·S&P500 사상 최고치…넷플릭스 주가 11%↑,4주 전,이데일리,다우지수와 S&P500이 사상 최고치를 기록하는 등 뉴욕증시가 일제히 상승했다. 18일(현지시간) 뉴욕증권거래소에서 블루칩을 모아놓은 다우존스 30산업평균지수는 전거래일 대비 0.09% 오른 4만3275.91에 장을 마감했다. 다우지수는 사흘 연속 사상 최고치를 경신하고 있다. 대형주 벤치마크인 S...
"[속보] S&P·다우 신고가…주간 6주째 상승, 연중 최장 랠리",4주 전,뉴스1,
"[속보] 한 총리 ""여순사건 희생자 심사 체계 개선하고 전문 인력 보강""",4주 전,뉴스1,
"[속보] 한 총리, 여순사건 추념식 첫 참석…""아픈 역사 결코 되풀이 안...",4주 전,뉴스1,
"[속보] 한 총리 ""여순사건 진상조사 기간 연장 개정안, 국회와 긴밀 소...",4주 전,뉴스1,
"[속보]삼성, PO 4차전서 LG 1-0으로 제압…9년만에 KS 진출",3주 전,뉴시스,후속기사가 이어집니다
[속보] 삼성 9년 만에 한국시리즈 진출,3주 전,영남일보,삼성 9년 만에 한국시리즈 진출21일 광주서 홈팀 KIA와 시리즈 1차전 격돌19일 서울 잠실야구장에서 열린 2024 신한 SOL뱅크 KBO 포스트시즌 플레이오프 4차전 LG 트윈스와 삼성 라이온즈의 경기. 8회초 무사 삼성 강민호가 홈런을 친 뒤 기뻐하고 있다. 연합뉴스 21일 광주서 홈팀 KIA와 시리즈 1차전...
(속보) 日 자민당 본부에 화염병 투척 후 총리관저도 차량 돌진 [KDF Worl...,4주 전,한국면세뉴스,일본에서 집권 여당 자민당 본부에 화염병을 투척한 후 총리관저도 차량으로 돌진한 남성이 체포됐다. 19일 TBS뉴스 등에 따르면 오늘 아침 6시께 한 남성이 도쿄 치요다(千代田)구의 자민당 본부에 화염병 5개를 던지고 도망쳤다. 이후 근처 총리관저에 차량으로 돌진했으며 현장에 있었던 기동대원에 의해...
"[속보] 도지코인(DOGE), 200원 터치…7월 이후 첫 진입",3주 전,CBC뉴스,도지코인 자료사진. 무단 사용 및 재배포 금지. 도지코인(DOGE)이 업비트 원화마켓에서 200원을 터치했다. 도지코인은 19일 오후 8시 1분 200원에 거래되고 있다. 전일보다 6.95% 오른 것이다. 도지코인은 지난 11일부터 상승흐름을 이어오고 있다. 200원선에 오른건 지난 7월 21일 이후 처음이다....
[속보] 이스라엘 가자 북부 공습에 33명 사망,4주 전,천지일보,이스라엘 가자 북부 공습에 33명 사망
"경찰, 문재인 전 대통령 딸 다혜씨 제주 단독주택 '불법 숙박업' 수사",4주 전,강원일보언론사 선정,속보=음주운전 혐의로 입건된 문재인 전 대통령의 딸 다혜 씨가 제주에서 불법 숙박업을 했다는 의혹이 불거졌다. 제주시는 한림읍 협재리에 있는 문씨 씨 소유의 단독주택에서 미신고 불법 숙박업이 이뤄졌다는 민원이 국민신문고를 통해 제기돼 제주자치경찰단에 수사를 의뢰했다고 19일 밝혔다. 제주시는...
"[속보]삼성, LG 1-0 꺾고 한국시리즈 진출...기아 맞대결 일정은?",3주 전,국제뉴스,강민호 (사진=삼성 라이온즈 제공) 플레이오프에서 삼성 라이온즈가 LG 트윈스를 꺾고 한국시리즈에서 기아 타이거즈와의 대결을 성사시켰다. 19일 2024 프로야구 KBO 포스트시즌 LG트윈스와 삼성라이온즈의 플레이오프(PO) 4차전 경기가 서울 잠실야구장에서 펼쳐졌다. 이날 7회 말까지 점수가 단 1점도 나지...
"장예찬 ""김건희 여사, 배 나온 오빠 운운하는 비하 표현 쓴 적 없다""",3주 전,강원일보언론사 선정,"속보=김건희 여사 '공천개입 의혹'의 핵심 인물인 명태균 씨의 연이은 폭로와 관련한 의혹이 일파만파 확산하고 있는 가운데, 장예찬 국민의힘 전 청년최고위원은 19일 ""김 여사는 배 나온 오빠 운운하는 비하의 표현을 쓴 적이 없다""고 주장했다. 장 전 최고위원은 이날 자신의 페이스북에 ""서울의소리 7시간..."
"서울대병원 노조 ""의료공공성 강화 대책·인력 충원 없으면 31일부터 무...",4주 전,강원일보언론사 선정,"속보=정부의 의과대학 정원 증원과 의료 개혁을 둘러싼 의정(醫政) 갈등이 8개월째 접어든 가운데, 서울대병원 소속 노동자들이 이달 31일부터 무기한 파업에 들어간다고 예고했다. 19일 의료계에 따르면 서울대병원 노동조합은 9차 임시 대의원회에서 10월 31일부터 무기한 전면 파업을 하기로 결정했다. 노조..."
"北 ""대국 군사깡패들의 연속도발사례 보다 엄중시 될 것…韓 무인기 잔...",4주 전,강원일보언론사 선정,"속보=북한이 ‘무인기 평양 침투’를 주장하며 위협 수위를 높이고 있는 가운데, 평양에서 한국군에서 운용하는 드론과 동일 기종의 무인기 잔해를 발견했다고 주장하며 관련 사진을 공개했다. 북한 국방성 대변인은 19일 조선중앙통신을 통해 ""한국 군부 깡패들의 중대 주권 침해 도발사건이 결정적 물증 확보와..."
"[속보]국제 유가-천연가스, 가자지구 휴전 기대에 동반 급락 WTI 69달러 ...",4주 전,소셜밸류,▲미국 뉴욕에서 18일(현지시간) 국제 유가와 천연가스 가격이 동반 급락했다. 사진은 캘리포니아 잉글우드 유전에 있는 펌프잭의 모습/연합뉴스 제공 미국 뉴욕에서 18일(현지시간) 국제 유가와 천연가스 가격이 동반 급락했다. 하마스의 수장 신와르의 사망에 가자지구 휴전에 대한 기대감이...
[속보] 뉴욕증시 실적호조에 강세 마감…다우·S&P500 최고가 경신,4주 전,MBN,
"[속보]미국 뉴욕증시, 기술주 주도로 나스닥-S&P-다우 동반상승 반도체...",4주 전,소셜밸류,▲미국 뉴욕증시는 18일(현지시간) 기술주 주도로 3대 지수가 모두 상승하고 있다. 뉴욕증권거래소(NYSE)에서 한 트레이더가 업무를 보고 있다./사진=연합뉴스 제공 미국 뉴욕증시는 본격적인 실적 발표 시즌을 맞아 기술주가 중심이 되어 시장을 이끌고 있다. 3대 지수가 모두 상승하는 대신...
헤즈볼라 드론 이스라엘 총리 자택 공격…전쟁 격화되나,3주 전,KBS언론사 선정,이번엔 중동전쟁 속봅니다. 레바논 무장정파 헤즈볼라가 네타냐후 이스라엘 총리의 자택을 드론으로 공격했습니다. 하마스 지도자 신와르의 죽음 이후 하마스와 헤즈볼라 등 이른바 저항의 축 연대가 일제히 공세에 나서고 있습니다. 김개형 특파원입니다. [리포트] 이스라엘 카이사레아 상공에 드론 1대가...
하마스 “지도자 신와르 순교”…미영프독 “인질 돌려보내야”,4주 전,KBS언론사 선정,"중동 전쟁 속보입니다. 이스라엘이 팔레스타인 무장정파 하마스의 최고지도자 야히야 신와르를 사살했다고 밝힌 데 이어 하마스도 이를 공식 확인했습니다. 미국 등 서방국가 정상들은 신와르의 사망을 계기로 이스라엘 인질들을 풀어주고, 전쟁도 종식시키야 한다고 역설했습니다. 두바이 김개형 특파원의..."
고양 화정동 아파트서 불...1명 연기 흡입·30여 명 대피,4주 전,국제뉴스,"119소방차, 화재, 소방, 속보 (사진=국제뉴스DB) 경기 고양의 한 아파트에서 화재가 발생했다. 경찰과 소방당국에 따르면 19일 오후 1시 25분 경 경기 고양시 덕양구 화정동에 위치한 아파트 4층에서 불이 났다. 이날 불로 40대 여성이 연기를 흡입해 인근 병원으로 이송됐다. 또 입주민 34명이 자력으로..."
3분기 성장률 '얼마나' 플러스 전환됐을까[한은 미리보기],4주 전,이데일리,(사진= 이데일리DB) 19일 한은에 따르면 오는 24일 2024년 3분기 실질 국내총생산(GDP) 속보치를 발표한다. 올해 2분기에는 전기대비 GDP 성장률이 -0.2... (ESI) 8:00 2024년 3/4분기 실질 국내총생산(속보) 17:00 2024년 11월 통화안정증권 발행계획 △25일(금) 12:00 2024년 3분기중 외국환은행의 외환거래동향
"[속보] 삼성, LG 꺾고 9년 만에 한국시리즈 진출",3주 전,아주경제,"아주경제=김다이 기자 dayi@ajunews.com 19일 서울 잠실야구장에서 열린 2024 신한 SOL뱅크 KBO 포스트시즌 플레이오프 4차전 LG 트윈스와 삼성 라이온즈의 경기. 6회말 1사 1, 2루 LG 신민재를 병살타로 처리한 삼성 레예스가 동료선수들과 하이파이브를 하고 있다. [사진=연합뉴스]"
"다음주, 우리나라 3분기 GDP 성장률 발표… 8월 출생아도 발표",4주 전,천지일보,"금융권에 따르면 한국은행은 오는 24일 '3분기 실질 GDP' 속보치를 발표한다. 앞서 2분기 GDP는 1분기보다 0.2% 역성장했다. 분기 기준 역(-)성장은 2022년 4분기(-0.5%) 이후 1년 6개월 만이다. 1분기 1.3% 성장해 비교 수준이 높아진 데다, 수입이 크게 늘며 1분기 성장을 이끌었던 순수출(수출-수입)마저..."
"한은, 3분기 GDP 발표 앞두고 “향후 내수 점차 회복, 온기 체감할 것”",4주 전,이투데이,"이투데이=서지희 기자 | 한은, 24일 3분기 GDP 속보치 발표 예정…8월 경제전망 때 0.5% 추정 한은 조사국, 홈페이지 블로그에 ‘엇갈린 경제신호 속... 한은이 24일 3분기 국내총생산(GDP) 속보치를 발표할 예정인 만큼 조사국의 게재글에 이목이 쏠리고 있다. 한은은 8월 경제전망 때 분기별 전망치를 공개하면서..."
대구경북행정통합 가속도…21일 최종 합의문 서명·발표,3주 전,경북일보,"속보= 행정안전부가 21일 오후 2시 정부 서울청사에서 대구경북행정통합 최종 합의문을 발표할 예정이다. 이날 발표에는 이상민 행정안전부 장관과 우동기 지방시대위원장, 이철우 경북도지사, 홍준표 대구시장이 참석해 합의문에 서명할 예정이다. 행안부 관계자는 ""대구시와 경북도의 통합에 따른 견해차를..."
화천 하남면 단독주택서 불...인명피해 없어,4주 전,국제뉴스,"119소방차, 화재, 소방, 속보 (사진=국제뉴스DB) 18일 오후 2시 33분쯤 강원 화천군 하남면 소재 단독주택에서 화재가 발생했다. 다행히 인명피해는 없었지만, 단독주택 1개동이 전소되는 등 재산피해가 발생했다. 경찰과 소방당국은 정확한 화재 원인을 조사중이다. 민영뉴스통신사 국제뉴스"
양양 손양면 주택 창고서 불...인명피해 없어,4주 전,국제뉴스,"119소방차, 화재, 소방, 속보 (사진=국제뉴스DB) 18일 오후 12시 41분쯤 강원 양양군 손양면 소재 주택 창고에서 화재가 발생했다. 다행히 인명피해는 없었지만, 창고 전소 및 저온저장고 1개동 반소 등 재산피해가 발생했다. 경찰과 소방당국은 정확한 화재 원인을 조사중이다. 민영뉴스통신사 국제뉴스"
일본 상반기 무역적자 지속...적자폭 확대,4주 전,초이스경제,"일본 재무성이 최근 발표한 2024년 상반기(4~9월) 무역통계 속보에 따르면, 수출액에서 수입액을 뺀 무역수지는 3조1067억엔 적자였다. 적자는 7기 연속이다. 엔저 진행을 배경으로 컴퓨터 등 전산기기류와 의약품 수입액이 늘면서, 적자폭은 전년 동기보다 14.4% 확대됐다고 일본경제신문이 보도했다...."
"이강인, 중원에는 정말 자리없다... '부동의 주전' 비티냐, 2029년까지 계...",4주 전,인터풋볼,"PSG 소식통 'PSG 리포트'는 19일(한국시간) PSG 소식에 능한 파브리스 호킨스 기자의 보도를 인용하여 ""속보다. 비티냐는 PSG와 계약 연장했다. 2029년까지 계약 연장을 위한 협상이 마지막 단계에 들어섰다""라고 전했다. 비티냐는 포르투 유스 출신인 미드필더로, 2021-22시즌부터 포르투의 주전으로 활약했다...."
韓 3분기 성장률 0%대 전망…올해 2.4% 달성 가능할까,4주 전,뉴스웍스,한국은행이 오는 24일 우리나라의 3분기 성장률 속보치를 발표한다. 시장은 0.5% 내외의 성장률을 전망 중이다. 수출 호조에도 불구하고 소비회복이 미약했고 건설투자가 부진했던 만큼 높은 성장세를 기대하긴 어렵다는 분석이다. 우리나라의 올해 1분기 실질 국내총생산(GDP)는 전기 대비 1.3% 증가했다....
평양 상공 무인기 정체는…북한 복제품 자작극 vs 드론사령부 운용 드...,3주 전,서울경제언론사 선정,김용현 국방부 장관도 같은 날 용산 국방부 청사에서 열린 국회 법제사법위원회 국정감사 도중에 나온 언론 속보에 관련 질의를 받자 “그런 적이 없다”고 했다. 이후 긴급회의를 거친 뒤 국감장에 다시 나온 김 장관은 “우리의 기본적 입장은 이러한 북한 주장에 대해 사실 여부를 확인해줄 수 없다는 것”...
고구마와 사과·무 함께 먹었더니... 몸에 어떤 변화가?,4주 전,코메디닷컴언론사 선정,탄수화물 많아 과식 피해야 고구마의 껍질에는 속보다 안토시아닌 성분이 더 많다. 잘 씻어서 껍질째 먹는 것이 좋다. 껍질에는 전분을 분해하는 효소가 있어 소화를 돕고 가스 발생을 줄일 수 있다. 고구마는 12~15℃의 실온에 보관하는 것이 좋다. 베란다나 통풍이 잘 되는 곳에 보관한다. 냉장고에 두면 당분이...
"“노벨상 작가 글이니”…쉽게 손댈 수 없었던 오자, ‘담담 편집자’",4주 전,한겨레언론사 선정,"행사는 비공개로 진행됐고, 저녁 6시 수상 소감문이 전달되기로 예정돼 있었는데, 앞서 5시45분께 ‘소감문’이 속보로 보도됐다. 로비에서 대기 중이던 취재진을 배려해 주최 쪽이 스피커를 통해 시상식을 생중계했고, 기자들이 이를 듣고 보도한 것이었다. 한강 작가는 수상 소감문에서 “원래 이틀 전(15일)..."
고구마와 사과·무 함께 먹었더니... 몸에 어떤 변화가?,4주 전,코메디닷컴언론사 선정,탄수화물 많아 과식 피해야 고구마의 껍질에는 속보다 안토시아닌 성분이 더 많다. 잘 씻어서 껍질째 먹는 것이 좋다. 껍질에는 전분을 분해하는 효소가 있어 소화를 돕고 가스 발생을 줄일 수 있다. 고구마는 12~15℃의 실온에 보관하는 것이 좋다. 베란다나 통풍이 잘 되는 곳에 보관한다. 냉장고에 두면 당분이...
"“노벨상 작가 글이니”…쉽게 손댈 수 없었던 오자, ‘담담 편집자’",4주 전,한겨레언론사 선정,"행사는 비공개로 진행됐고, 저녁 6시 수상 소감문이 전달되기로 예정돼 있었는데, 앞서 5시45분께 ‘소감문’이 속보로 보도됐다. 로비에서 대기 중이던 취재진을 배려해 주최 쪽이 스피커를 통해 시상식을 생중계했고, 기자들이 이를 듣고 보도한 것이었다. 한강 작가는 수상 소감문에서 “원래 이틀 전(15일)..."
[다음주 경제일정] 3분기 경제 성적표 발표…G20 회의·금감원 국정감사,4주 전,TV조선,한국은행은 24일 '3분기 실질 국내총생산(GDP)' 속보치를 발표한다. 앞서 2분기의 경우 GDP 성장률이 1분기보다 0.2% 뒷걸음쳤다. 분기 기준 역(-)성장은 재작년 4분기(-0.5%) 이후 1년 6개월 만이다. 앞서 지난 8월 한은이 발표한 분기별 경제 전망에 따르면 올 3분기 성장률은 0.5%로 추정된다. 단 이달 11일...
이번주 국내 주요 금융일정(10.21~10.25),3주 전,뉴스핌,"국내총생산(속보)(08시) 한국은행, 2024년 11월 통화안정증권 발행계획(17시) 10월 25일(금요일) 김병환 금융위원장, 실손보험 청구 전산화 오픈행사(10시) 김소영 금융위 부위원장, 주간업무회의(10시) 김소영 금융위 부위원장, 금융교육협의회(15시) 금융위원회, 국민 편의 제고를 위한 실손보험..."
"내주 '2분기 역성장' 韓 경제, 올 3분기 얼마나 반등했나",4주 전,글로벌경제,"한국은행은 24일 '3분기 실질 국내총생산(GDP)' 속보치를 발표한다. 앞서 2분기의 경우 GDP 성장률이 1분기보다 0.2% 뒷걸음쳤다. 분기 기준 역(-)성장은 재작년 4분기(-0.5%) 이후 1년 6개월 만이다. 1분기 '깜짝 성장'(1.3%)으로 비교 기준의 수준 자체가 커진 데다, 수입이 크게 증가하면서 1분기 성장을 이끌었던..."
[주간 경제] 한국 3분기 경제성적 발표… G20 회의·국정감사 등 주목,4주 전,베타뉴스,"한국은행은 24일 3분기 실질 국내총생산(GDP) 속보치를 공개할 예정이며, 앞서 2분기 GDP 성장률이 0.2% 감소한 바 있어 이번 발표가 더욱 주목된다. 3분기 성장률은 0.5%로 추정되고 있으나, 내수 회복 지연 등의 불확실성으로 인해 달성 여부가 관심을 모으고 있다. 미국 워싱턴 D.C.에서는 G20 재무장관..."
지난해 의약품 위해정보 유럽발 40%…12월 최다,4주 전,데일리팜,"제도 및 정책에는 기준·규격 제·개정 정보, 인·허가 또는 사후안전관리 관련 제도나 정책정보 등을 포함하며, 부작용 등 안전성정보에 따른 판매 중단(허가취소, 취하 포함), 허가 사항(라벨) 변경, 의료제품 안전성 서한이나 속보, 현장주의 등의 정보는 안전성정보로 분류하고 있다. 회수·수리에는..."
[다음주 한국은행 및 금융위·금감원 일정],4주 전,연합인포맥스,"C) ※2024년 10월 기업경기조사 결과 및 경제심리지수(ESI)(06:00) ※2024년 3/4분기 실질 국내총생산(속보)(08:00) ※2024년 11월 통화안정증권 발행계획(배포시) *10.25(금) ▲총재 G20 회의, IMF/WBG 연차총회 출장(워싱턴 D.C) ※2024년 3/4분기중 외국환은행의 외환거래동향(12:00) [금융위원회] *10월..."
美 9월 소매판매 전월比 0.4%↑…예상치 상회,4주 전,더퍼블릭,"월간 소매판매 지표는 전체 소비 중 상품 판매 실적을 주로 집계하는 속보치 통계로, 미국 경제의 중추인 소비의 변화를 가늠할 수 있는 중요한 지표로 여겨진다. 최근 발표된 소매판매 수치는 시장 기대를 웃도는 결과를 보이며 경기 둔화 우려에도 불구하고 미국 소비가 예상만큼 둔화하지 않고 있음을..."
"소감문에서 나온 오자 하나, 정말 오자일까 한강 작가의 '심오한' 뜻일까...",3주 전,허프포스트코리아,"행사는 비공개로 진행됐고, 저녁 6시 수상 소감문이 전달되기로 예정돼 있었는데, 앞서 5시45분께 '소감문'이 속보로 보도됐다. 로비에서 대기 중이던 취재진을 배려해 주최 쪽이 스피커를 통해 시상식을 생중계했고, 기자들이 이를 듣고 보도한 것이었다. 한강 작가는 수상 소감문에서 ""원래 이틀 전(15일)으로..."
고구마와 사과·무 함께 먹었더니... 몸에 어떤 변화가?,4주 전,코메디닷컴언론사 선정,탄수화물 많아 과식 피해야 고구마의 껍질에는 속보다 안토시아닌 성분이 더 많다. 잘 씻어서 껍질째 먹는 것이 좋다. 껍질에는 전분을 분해하는 효소가 있어 소화를 돕고 가스 발생을 줄일 수 있다. 고구마는 12~15℃의 실온에 보관하는 것이 좋다. 베란다나 통풍이 잘 되는 곳에 보관한다. 냉장고에 두면 당분이...
"“노벨상 작가 글이니”…쉽게 손댈 수 없었던 오자, ‘담담 편집자’",4주 전,한겨레언론사 선정,"행사는 비공개로 진행됐고, 저녁 6시 수상 소감문이 전달되기로 예정돼 있었는데, 앞서 5시45분께 ‘소감문’이 속보로 보도됐다. 로비에서 대기 중이던 취재진을 배려해 주최 쪽이 스피커를 통해 시상식을 생중계했고, 기자들이 이를 듣고 보도한 것이었다. 한강 작가는 수상 소감문에서 “원래 이틀 전(15일)..."
[다음주 경제일정] 3분기 경제 성적표 발표…G20 회의·금감원 국정감사,4주 전,TV조선,한국은행은 24일 '3분기 실질 국내총생산(GDP)' 속보치를 발표한다. 앞서 2분기의 경우 GDP 성장률이 1분기보다 0.2% 뒷걸음쳤다. 분기 기준 역(-)성장은 재작년 4분기(-0.5%) 이후 1년 6개월 만이다. 앞서 지난 8월 한은이 발표한 분기별 경제 전망에 따르면 올 3분기 성장률은 0.5%로 추정된다. 단 이달 11일...
이번주 국내 주요 금융일정(10.21~10.25),3주 전,뉴스핌,"국내총생산(속보)(08시) 한국은행, 2024년 11월 통화안정증권 발행계획(17시) 10월 25일(금요일) 김병환 금융위원장, 실손보험 청구 전산화 오픈행사(10시) 김소영 금융위 부위원장, 주간업무회의(10시) 김소영 금융위 부위원장, 금융교육협의회(15시) 금융위원회, 국민 편의 제고를 위한 실손보험..."
"내주 '2분기 역성장' 韓 경제, 올 3분기 얼마나 반등했나",4주 전,글로벌경제,"한국은행은 24일 '3분기 실질 국내총생산(GDP)' 속보치를 발표한다. 앞서 2분기의 경우 GDP 성장률이 1분기보다 0.2% 뒷걸음쳤다. 분기 기준 역(-)성장은 재작년 4분기(-0.5%) 이후 1년 6개월 만이다. 1분기 '깜짝 성장'(1.3%)으로 비교 기준의 수준 자체가 커진 데다, 수입이 크게 증가하면서 1분기 성장을 이끌었던..."
[주간 경제] 한국 3분기 경제성적 발표… G20 회의·국정감사 등 주목,4주 전,베타뉴스,"한국은행은 24일 3분기 실질 국내총생산(GDP) 속보치를 공개할 예정이며, 앞서 2분기 GDP 성장률이 0.2% 감소한 바 있어 이번 발표가 더욱 주목된다. 3분기 성장률은 0.5%로 추정되고 있으나, 내수 회복 지연 등의 불확실성으로 인해 달성 여부가 관심을 모으고 있다. 미국 워싱턴 D.C.에서는 G20 재무장관..."
지난해 의약품 위해정보 유럽발 40%…12월 최다,4주 전,데일리팜,"제도 및 정책에는 기준·규격 제·개정 정보, 인·허가 또는 사후안전관리 관련 제도나 정책정보 등을 포함하며, 부작용 등 안전성정보에 따른 판매 중단(허가취소, 취하 포함), 허가 사항(라벨) 변경, 의료제품 안전성 서한이나 속보, 현장주의 등의 정보는 안전성정보로 분류하고 있다. 회수·수리에는..."
[다음주 한국은행 및 금융위·금감원 일정],4주 전,연합인포맥스,"C) ※2024년 10월 기업경기조사 결과 및 경제심리지수(ESI)(06:00) ※2024년 3/4분기 실질 국내총생산(속보)(08:00) ※2024년 11월 통화안정증권 발행계획(배포시) *10.25(금) ▲총재 G20 회의, IMF/WBG 연차총회 출장(워싱턴 D.C) ※2024년 3/4분기중 외국환은행의 외환거래동향(12:00) [금융위원회] *10월..."
美 9월 소매판매 전월比 0.4%↑…예상치 상회,4주 전,더퍼블릭,"월간 소매판매 지표는 전체 소비 중 상품 판매 실적을 주로 집계하는 속보치 통계로, 미국 경제의 중추인 소비의 변화를 가늠할 수 있는 중요한 지표로 여겨진다. 최근 발표된 소매판매 수치는 시장 기대를 웃도는 결과를 보이며 경기 둔화 우려에도 불구하고 미국 소비가 예상만큼 둔화하지 않고 있음을..."
"소감문에서 나온 오자 하나, 정말 오자일까 한강 작가의 '심오한' 뜻일까...",3주 전,허프포스트코리아,"행사는 비공개로 진행됐고, 저녁 6시 수상 소감문이 전달되기로 예정돼 있었는데, 앞서 5시45분께 '소감문'이 속보로 보도됐다. 로비에서 대기 중이던 취재진을 배려해 주최 쪽이 스피커를 통해 시상식을 생중계했고, 기자들이 이를 듣고 보도한 것이었다. 한강 작가는 수상 소감문에서 ""원래 이틀 전(15일)으로..."
고구마와 사과·무 함께 먹었더니... 몸에 어떤 변화가?,4주 전,코메디닷컴언론사 선정,탄수화물 많아 과식 피해야 고구마의 껍질에는 속보다 안토시아닌 성분이 더 많다. 잘 씻어서 껍질째 먹는 것이 좋다. 껍질에는 전분을 분해하는 효소가 있어 소화를 돕고 가스 발생을 줄일 수 있다. 고구마는 12~15℃의 실온에 보관하는 것이 좋다. 베란다나 통풍이 잘 되는 곳에 보관한다. 냉장고에 두면 당분이...
"“노벨상 작가 글이니”…쉽게 손댈 수 없었던 오자, ‘담담 편집자’",4주 전,한겨레언론사 선정,"행사는 비공개로 진행됐고, 저녁 6시 수상 소감문이 전달되기로 예정돼 있었는데, 앞서 5시45분께 ‘소감문’이 속보로 보도됐다. 로비에서 대기 중이던 취재진을 배려해 주최 쪽이 스피커를 통해 시상식을 생중계했고, 기자들이 이를 듣고 보도한 것이었다. 한강 작가는 수상 소감문에서 “원래 이틀 전(15일)..."
[다음주 경제일정] 3분기 경제 성적표 발표…G20 회의·금감원 국정감사,4주 전,TV조선,한국은행은 24일 '3분기 실질 국내총생산(GDP)' 속보치를 발표한다. 앞서 2분기의 경우 GDP 성장률이 1분기보다 0.2% 뒷걸음쳤다. 분기 기준 역(-)성장은 재작년 4분기(-0.5%) 이후 1년 6개월 만이다. 앞서 지난 8월 한은이 발표한 분기별 경제 전망에 따르면 올 3분기 성장률은 0.5%로 추정된다. 단 이달 11일...
이번주 국내 주요 금융일정(10.21~10.25),3주 전,뉴스핌,"국내총생산(속보)(08시) 한국은행, 2024년 11월 통화안정증권 발행계획(17시) 10월 25일(금요일) 김병환 금융위원장, 실손보험 청구 전산화 오픈행사(10시) 김소영 금융위 부위원장, 주간업무회의(10시) 김소영 금융위 부위원장, 금융교육협의회(15시) 금융위원회, 국민 편의 제고를 위한 실손보험..."
"내주 '2분기 역성장' 韓 경제, 올 3분기 얼마나 반등했나",4주 전,글로벌경제,"한국은행은 24일 '3분기 실질 국내총생산(GDP)' 속보치를 발표한다. 앞서 2분기의 경우 GDP 성장률이 1분기보다 0.2% 뒷걸음쳤다. 분기 기준 역(-)성장은 재작년 4분기(-0.5%) 이후 1년 6개월 만이다. 1분기 '깜짝 성장'(1.3%)으로 비교 기준의 수준 자체가 커진 데다, 수입이 크게 증가하면서 1분기 성장을 이끌었던..."
[주간 경제] 한국 3분기 경제성적 발표… G20 회의·국정감사 등 주목,4주 전,베타뉴스,"한국은행은 24일 3분기 실질 국내총생산(GDP) 속보치를 공개할 예정이며, 앞서 2분기 GDP 성장률이 0.2% 감소한 바 있어 이번 발표가 더욱 주목된다. 3분기 성장률은 0.5%로 추정되고 있으나, 내수 회복 지연 등의 불확실성으로 인해 달성 여부가 관심을 모으고 있다. 미국 워싱턴 D.C.에서는 G20 재무장관..."
지난해 의약품 위해정보 유럽발 40%…12월 최다,4주 전,데일리팜,"제도 및 정책에는 기준·규격 제·개정 정보, 인·허가 또는 사후안전관리 관련 제도나 정책정보 등을 포함하며, 부작용 등 안전성정보에 따른 판매 중단(허가취소, 취하 포함), 허가 사항(라벨) 변경, 의료제품 안전성 서한이나 속보, 현장주의 등의 정보는 안전성정보로 분류하고 있다. 회수·수리에는..."
[다음주 한국은행 및 금융위·금감원 일정],4주 전,연합인포맥스,"C) ※2024년 10월 기업경기조사 결과 및 경제심리지수(ESI)(06:00) ※2024년 3/4분기 실질 국내총생산(속보)(08:00) ※2024년 11월 통화안정증권 발행계획(배포시) *10.25(금) ▲총재 G20 회의, IMF/WBG 연차총회 출장(워싱턴 D.C) ※2024년 3/4분기중 외국환은행의 외환거래동향(12:00) [금융위원회] *10월..."
美 9월 소매판매 전월比 0.4%↑…예상치 상회,4주 전,더퍼블릭,"월간 소매판매 지표는 전체 소비 중 상품 판매 실적을 주로 집계하는 속보치 통계로, 미국 경제의 중추인 소비의 변화를 가늠할 수 있는 중요한 지표로 여겨진다. 최근 발표된 소매판매 수치는 시장 기대를 웃도는 결과를 보이며 경기 둔화 우려에도 불구하고 미국 소비가 예상만큼 둔화하지 않고 있음을..."
"소감문에서 나온 오자 하나, 정말 오자일까 한강 작가의 '심오한' 뜻일까...",3주 전,허프포스트코리아,"행사는 비공개로 진행됐고, 저녁 6시 수상 소감문이 전달되기로 예정돼 있었는데, 앞서 5시45분께 '소감문'이 속보로 보도됐다. 로비에서 대기 중이던 취재진을 배려해 주최 쪽이 스피커를 통해 시상식을 생중계했고, 기자들이 이를 듣고 보도한 것이었다. 한강 작가는 수상 소감문에서 ""원래 이틀 전(15일)으로..."
고구마와 사과·무 함께 먹었더니... 몸에 어떤 변화가?,4주 전,코메디닷컴언론사 선정,탄수화물 많아 과식 피해야 고구마의 껍질에는 속보다 안토시아닌 성분이 더 많다. 잘 씻어서 껍질째 먹는 것이 좋다. 껍질에는 전분을 분해하는 효소가 있어 소화를 돕고 가스 발생을 줄일 수 있다. 고구마는 12~15℃의 실온에 보관하는 것이 좋다. 베란다나 통풍이 잘 되는 곳에 보관한다. 냉장고에 두면 당분이...
"“노벨상 작가 글이니”…쉽게 손댈 수 없었던 오자, ‘담담 편집자’",4주 전,한겨레언론사 선정,"행사는 비공개로 진행됐고, 저녁 6시 수상 소감문이 전달되기로 예정돼 있었는데, 앞서 5시45분께 ‘소감문’이 속보로 보도됐다. 로비에서 대기 중이던 취재진을 배려해 주최 쪽이 스피커를 통해 시상식을 생중계했고, 기자들이 이를 듣고 보도한 것이었다. 한강 작가는 수상 소감문에서 “원래 이틀 전(15일)..."
[다음주 경제일정] 3분기 경제 성적표 발표…G20 회의·금감원 국정감사,4주 전,TV조선,한국은행은 24일 '3분기 실질 국내총생산(GDP)' 속보치를 발표한다. 앞서 2분기의 경우 GDP 성장률이 1분기보다 0.2% 뒷걸음쳤다. 분기 기준 역(-)성장은 재작년 4분기(-0.5%) 이후 1년 6개월 만이다. 앞서 지난 8월 한은이 발표한 분기별 경제 전망에 따르면 올 3분기 성장률은 0.5%로 추정된다. 단 이달 11일...
이번주 국내 주요 금융일정(10.21~10.25),3주 전,뉴스핌,"국내총생산(속보)(08시) 한국은행, 2024년 11월 통화안정증권 발행계획(17시) 10월 25일(금요일) 김병환 금융위원장, 실손보험 청구 전산화 오픈행사(10시) 김소영 금융위 부위원장, 주간업무회의(10시) 김소영 금융위 부위원장, 금융교육협의회(15시) 금융위원회, 국민 편의 제고를 위한 실손보험..."
"내주 '2분기 역성장' 韓 경제, 올 3분기 얼마나 반등했나",4주 전,글로벌경제,"한국은행은 24일 '3분기 실질 국내총생산(GDP)' 속보치를 발표한다. 앞서 2분기의 경우 GDP 성장률이 1분기보다 0.2% 뒷걸음쳤다. 분기 기준 역(-)성장은 재작년 4분기(-0.5%) 이후 1년 6개월 만이다. 1분기 '깜짝 성장'(1.3%)으로 비교 기준의 수준 자체가 커진 데다, 수입이 크게 증가하면서 1분기 성장을 이끌었던..."
[주간 경제] 한국 3분기 경제성적 발표… G20 회의·국정감사 등 주목,4주 전,베타뉴스,"한국은행은 24일 3분기 실질 국내총생산(GDP) 속보치를 공개할 예정이며, 앞서 2분기 GDP 성장률이 0.2% 감소한 바 있어 이번 발표가 더욱 주목된다. 3분기 성장률은 0.5%로 추정되고 있으나, 내수 회복 지연 등의 불확실성으로 인해 달성 여부가 관심을 모으고 있다. 미국 워싱턴 D.C.에서는 G20 재무장관..."
지난해 의약품 위해정보 유럽발 40%…12월 최다,4주 전,데일리팜,"제도 및 정책에는 기준·규격 제·개정 정보, 인·허가 또는 사후안전관리 관련 제도나 정책정보 등을 포함하며, 부작용 등 안전성정보에 따른 판매 중단(허가취소, 취하 포함), 허가 사항(라벨) 변경, 의료제품 안전성 서한이나 속보, 현장주의 등의 정보는 안전성정보로 분류하고 있다. 회수·수리에는..."
[다음주 한국은행 및 금융위·금감원 일정],4주 전,연합인포맥스,"C) ※2024년 10월 기업경기조사 결과 및 경제심리지수(ESI)(06:00) ※2024년 3/4분기 실질 국내총생산(속보)(08:00) ※2024년 11월 통화안정증권 발행계획(배포시) *10.25(금) ▲총재 G20 회의, IMF/WBG 연차총회 출장(워싱턴 D.C) ※2024년 3/4분기중 외국환은행의 외환거래동향(12:00) [금융위원회] *10월..."
美 9월 소매판매 전월比 0.4%↑…예상치 상회,4주 전,더퍼블릭,"월간 소매판매 지표는 전체 소비 중 상품 판매 실적을 주로 집계하는 속보치 통계로, 미국 경제의 중추인 소비의 변화를 가늠할 수 있는 중요한 지표로 여겨진다. 최근 발표된 소매판매 수치는 시장 기대를 웃도는 결과를 보이며 경기 둔화 우려에도 불구하고 미국 소비가 예상만큼 둔화하지 않고 있음을..."
"소감문에서 나온 오자 하나, 정말 오자일까 한강 작가의 '심오한' 뜻일까...",3주 전,허프포스트코리아,"행사는 비공개로 진행됐고, 저녁 6시 수상 소감문이 전달되기로 예정돼 있었는데, 앞서 5시45분께 '소감문'이 속보로 보도됐다. 로비에서 대기 중이던 취재진을 배려해 주최 쪽이 스피커를 통해 시상식을 생중계했고, 기자들이 이를 듣고 보도한 것이었다. 한강 작가는 수상 소감문에서 ""원래 이틀 전(15일)으로..."
[다음주 경제일정] 3분기 경제 성적표 발표…G20 회의·금감원 국정감사,4주 전,TV조선,한국은행은 24일 '3분기 실질 국내총생산(GDP)' 속보치를 발표한다. 앞서 2분기의 경우 GDP 성장률이 1분기보다 0.2% 뒷걸음쳤다. 분기 기준 역(-)성장은 재작년 4분기(-0.5%) 이후 1년 6개월 만이다. 앞서 지난 8월 한은이 발표한 분기별 경제 전망에 따르면 올 3분기 성장률은 0.5%로 추정된다. 단 이달 11일...
이번주 국내 주요 금융일정(10.21~10.25),3주 전,뉴스핌,"국내총생산(속보)(08시) 한국은행, 2024년 11월 통화안정증권 발행계획(17시) 10월 25일(금요일) 김병환 금융위원장, 실손보험 청구 전산화 오픈행사(10시) 김소영 금융위 부위원장, 주간업무회의(10시) 김소영 금융위 부위원장, 금융교육협의회(15시) 금융위원회, 국민 편의 제고를 위한 실손보험..."
"내주 '2분기 역성장' 韓 경제, 올 3분기 얼마나 반등했나",4주 전,글로벌경제,"한국은행은 24일 '3분기 실질 국내총생산(GDP)' 속보치를 발표한다. 앞서 2분기의 경우 GDP 성장률이 1분기보다 0.2% 뒷걸음쳤다. 분기 기준 역(-)성장은 재작년 4분기(-0.5%) 이후 1년 6개월 만이다. 1분기 '깜짝 성장'(1.3%)으로 비교 기준의 수준 자체가 커진 데다, 수입이 크게 증가하면서 1분기 성장을 이끌었던..."
[주간 경제] 한국 3분기 경제성적 발표… G20 회의·국정감사 등 주목,4주 전,베타뉴스,"한국은행은 24일 3분기 실질 국내총생산(GDP) 속보치를 공개할 예정이며, 앞서 2분기 GDP 성장률이 0.2% 감소한 바 있어 이번 발표가 더욱 주목된다. 3분기 성장률은 0.5%로 추정되고 있으나, 내수 회복 지연 등의 불확실성으로 인해 달성 여부가 관심을 모으고 있다. 미국 워싱턴 D.C.에서는 G20 재무장관..."
지난해 의약품 위해정보 유럽발 40%…12월 최다,4주 전,데일리팜,"제도 및 정책에는 기준·규격 제·개정 정보, 인·허가 또는 사후안전관리 관련 제도나 정책정보 등을 포함하며, 부작용 등 안전성정보에 따른 판매 중단(허가취소, 취하 포함), 허가 사항(라벨) 변경, 의료제품 안전성 서한이나 속보, 현장주의 등의 정보는 안전성정보로 분류하고 있다. 회수·수리에는..."
[다음주 한국은행 및 금융위·금감원 일정],4주 전,연합인포맥스,"C) ※2024년 10월 기업경기조사 결과 및 경제심리지수(ESI)(06:00) ※2024년 3/4분기 실질 국내총생산(속보)(08:00) ※2024년 11월 통화안정증권 발행계획(배포시) *10.25(금) ▲총재 G20 회의, IMF/WBG 연차총회 출장(워싱턴 D.C) ※2024년 3/4분기중 외국환은행의 외환거래동향(12:00) [금융위원회] *10월..."
美 9월 소매판매 전월比 0.4%↑…예상치 상회,4주 전,더퍼블릭,"월간 소매판매 지표는 전체 소비 중 상품 판매 실적을 주로 집계하는 속보치 통계로, 미국 경제의 중추인 소비의 변화를 가늠할 수 있는 중요한 지표로 여겨진다. 최근 발표된 소매판매 수치는 시장 기대를 웃도는 결과를 보이며 경기 둔화 우려에도 불구하고 미국 소비가 예상만큼 둔화하지 않고 있음을..."
"소감문에서 나온 오자 하나, 정말 오자일까 한강 작가의 '심오한' 뜻일까...",3주 전,허프포스트코리아,"행사는 비공개로 진행됐고, 저녁 6시 수상 소감문이 전달되기로 예정돼 있었는데, 앞서 5시45분께 '소감문'이 속보로 보도됐다. 로비에서 대기 중이던 취재진을 배려해 주최 쪽이 스피커를 통해 시상식을 생중계했고, 기자들이 이를 듣고 보도한 것이었다. 한강 작가는 수상 소감문에서 ""원래 이틀 전(15일)으로..."
"[속보] 인천 공장화재 주변 야산 번져…""등산객 대피해달라""",3주 전,부산일보언론사 선정,인천 산업용 기계 제조 공장에서 난 불이 주변 야산으로 번지면서 검은 연기가 치솟아 소방 당국이 경보령을 '대응 2단계'로 상향했다. 대응 2단계는 인접한 5∼6곳의 소방서에서 인력과 장비를 동원하는 경보령이다. 20일 인천소방본부에 따르면 이날 오전 8시 44분께 서구 왕길동 기계 제조 공장에서 불이 났다....
[속보] 인천 왕길동 공장에 큰 불...강풍에 불 번지며 대응 2단계 발령,3주 전,YTN언론사 선정,"오늘(20일) 오전 8시 40분쯤 인천 왕길동에 있는 한 공장에 큰불이 났습니다. 소방 당국은 화재 발생 30분 만에 주변 소방서 포함 장비 31∼50대를 동원하는 대응 1단계를 발령했고, 강풍에 불이 계속 번지면서 11시쯤에는 장비 51∼80대를 동원하는 대응 2단계로 격상해 총력 진화에 나서고 있습니다. 현재까지..."
"[속보] 국힘 원내지도부, '오빠' 발언 당직자에 경고…""언행 주의""",3주 전,강원도민일보언론사 선정,"국민의힘 대변인이 SNS에서 배우자를 '배 나온 오빠'로 지칭한 것과 관련, 당 지도부가 공개적으로 언행에 주의할 것을 공개하는 등 파장이 일고 있다. 추경호 원내대표는 20일 기자간담회에서 ""원내, 원외 무관하게 우리 당의 인사들은 책임 있는 자리에 있는 만큼 공적인 일을 수행하는 사람이라고 생각하기에..."
[속보] 野 한동훈 향해 “尹 만나 ‘김건희 특검 수용’ 확답 받아야”,3주 전,매일신문언론사 선정,"윤석열 대통령과 한동훈 국민의힘 대표의 면담이 하루 앞으로 다가온 가운데 더불어민주당은 한 대표를 향해 ""적어도 김건희 특검 수용을 비롯한, 민의에 부합하는 성과가 없는 정치쇼는 국민이 용납하지 않을 것임을 분명히 경고한다""고 밝혔다. 민주당 조승래 수석대변인은 20일 국회에서 브리핑을 갖고 ""겸상..."
[속보]인천 서구 기계가공공장서 큰불…대응 1단계 발령,3주 전,뉴시스,20일 오전 8시44분께 인천 서구 왕길동 모 기계 가공 공장에서 불이나 소방 당국이 진화에 나섰다. 현재까지 확인된 인명 피해는 없는 것으로 확인됐다. 소방 당국은 이날 오전 9시14분께 관할 소방서의 인력 및 장비가 모두 출동하는 대응 1단계를 발령했다.
"[속보] 국민의힘 ""北 러시아 파병 강력 규탄""…국회 결의안 추진",3주 전,디지털타임스,"북한이 러시아를 돕기 위해 우크라이나 전쟁에 대규모 파병을 결정한 것과 관련해 국민의힘은 20일 ""세계평화를 위협하는 무모한 군사협력""이라고 규탄하며 국회 차원의 규탄 결의안을 추진하기로 했다. 추경호 원내대표는 이날 국회에서 기자간담회를 열고 ""국민의힘은 세계평화를 위협하는 북한의 군부대 파병..."
"[속보] 국힘 원내지도부, '오빠' 발언 당직자에 경고 ""언행 주의""",3주 전,헤럴드경제언론사 선정,"국힘 원내지도부, '오빠' 발언 당직자에 경고 ""언행 주의"""
[속보] 주점 화장실서 지인 폭행해 숨지게 한 혐의 60대 '무죄' 왜?,3주 전,세계일보,주점 화장실에서 지인을 밀쳐 사망에 이르게 한 혐의로 기소된 60대가 1심에서 '무죄'를 선고받았다. 20일 법조계에 따르면 수원지법 형사11부(신진우 부장판사)는 폭행치사 혐의로 기소된 A씨에게 무죄를 선고했다. 재판부는 피고인이 남자 화장실 앞에서 피해자를 밀었음을 의심할 만한 여러 정황이...
[속보] 안세영 준우승,3주 전,국제뉴스,안세영 준우승 2위 (사진=spotv 방송화면) 안세영이 준우승을 차지했다. 2024 BWF 배드민턴 덴마크 오픈 결승전이 20일 열린 가운데 중국 왕즈이에게 세트스코어 0대 2로 패했다.
"[속보] 민주당 ""한동훈, 尹 만나 김건희 특검 수용 확답 받아야""",3주 전,이코노미스트,"[속보] 민주당 ""한동훈, 尹 만나 김건희 특검 수용 확답 받아야"""
[속보] 가자 북부서 이스라엘군 공습으로 팔레스타인인 73명 피살,3주 전,뉴시스,가자지구 북부에 있는 베이트 라히야 시에서 이스라엘군의 폭격으로 최소 73명의 팔레스타인인들이 숨졌다고 하마스가 운영하는 가자지구의 공보실이 19일 밤(현지시간) 발표 했다.
"[속보] 배드민턴 안세영, 파리 올림픽 후 첫 국제대회서 준우승",3주 전,뉴스1,
[속보] 인천 공장화재 큰불 검은 연기 치솟아…대응 2단계 발령,3주 전,데일리안언론사 선정,인천 공장화재 큰불 검은 연기 치솟아…대응 2단계 발령
[속보] 인천 공장화재 주변 야산 번져...대응 2단계 발령,3주 전,이코노미스트,[속보] 인천 공장화재 주변 야산 번져...대응 2단계 발령
"[속보]전남 의대 공모 철회설, 용역사 강력 반박... ""사실 아니다!""",3주 전,지이코노미,"▲사진은 전남도 국립의대 유치 범도민추진위원회와 관련이 있으며, 본 기사의 내용과는 무관합니다. 지이코노미 김정훈 기자 | 전라남도 국립의대 및 대학병원 신설을 위한 용역기관인 에이티커니코리아와 법무법인 지평 컨소시엄이 최근 제기된 “전남도 의대 공모는 사실상 철회되었다”는 주장을 강력히..."
"[속보] 비트코인 현물 옵션 ETF ""뉴욕증시 상장"" …SEC 미국 대선 앞두고...",3주 전,글로벌이코노믹,미국 뉴욕증시 투자자는 미국 뉴욕증권거래소(NYSE)에서 현물 비트코인 상장지수펀드(ETF) 옵션을 거래할 수 있게 됐다. 20일 뉴욕증시에 따르면 미국 증권거래위원회(SEC)는 현물 비트코인 ETF 옵션의 NYSE 상장을 승인했다. 이에 앞서 SEC는 올해 1월 11개 현물 비트코인 ETF의 상장을 승인한 바 있다....
"민주 ""김건희 여사 불기소로 대한민국 검찰 사망""…심우정 검찰총장·서...",3주 전,강원일보언론사 선정,"속보=검찰이 윤석열 대통령 부인 김건희 여사의 도이치모터스 주가조작 연루 의혹을 무혐의 처분한 가운데 더불어민주당은 20일 심우정 검찰총장 탄핵 방침을 재확인하는 등 검찰을 향한 비난을 이어갔다. 민주당 김윤덕 사무총장은 이날 국회에서 한 기자간담회에서 ""검찰의 불기소 결정으로 대한민국 검찰은..."
[속보] 인천 왕길동 공장서 화재 발생...검은 연기 치솟아,3주 전,국제뉴스,인천 왕길동 공장 화재 / cctv 영상 캡쳐 인천에서 화재가 발생했다. 20일 인천 서구에 따르면 이날 오전 8시 44분 경 서구 왕길동 위치한 한 공장에서 불이 났다. 현재 검은 연기가 많이 발생하고 있으니 주변차량은 우회하고 주민들은 안전에 유의해달라고 당부했다.
"마이비, 부산 교통카드 ‘영구 사업권’ 주장 논란",8면 TOP,부산일보언론사 선정,"속보=부산시가 교통카드 정산 시스템을 운영할 새 사업자 공모를 추진하자 현 사업자인 (주)마이비가 ‘영구 사업권’을 주장(부산일보 10월 14일자 3면 등 보도)하고 나서면서 논란이 확산되고 있다. 부산 교통카드 시스템은 구축 이후 27년 넘게 단일 사업자 체제로 운영되다보니 신기술 도입이 더디고, 서비스..."
소방대원 급식환경 개선한다,3주 전,강원일보,속보=급식예산이 없어 배달음식이나 도시락으로 끼니를 때우는 소방관들의 열악한 환경(본보 지난 18일자 5면 보도)에 대해 소방당국이 개선에 나섰다. 소방청은 지난 19일 '중앙-시도 간 소방정책조정회의'를 열고 소방대원들의 급식 지원 현황과 상조회 제도 운용 실태를 점검하고 개선 방안을 논의했다고 20일...
"[속보] 이스라엘 방위군 , 헤즈볼라 지하 인프라 해체...식량패키지 공...",4면 1단,CBC뉴스,"이스라엘군 자료사진 캡처 이스라엘군이 20일 남부레바논에서 헤즈볼라 지하 인프라를 해체했다고 전했다. 이스라엘군은 ""무기 저장, 장기 체류를 위한 물품, 오토바이, 생활 공간, 탄약 등을 보관하는 구역이 포함된 헤즈볼라 '라드완 군' 지휘 센터가 파괴되었다.""라고 밝혔다. 또 군은 ""모스크, 학교 및 기타..."
‘파타야 살인’ 공범들 모두 재판행,3주 전,경남신문,속보= 지난 5월 일어난 태국 파타야 살인 사건 관련 20~30대 3명이 모두 재판에 넘겨졌다.(10월 4일 5면) 창원지방검찰청은 지난 18일 태국 파타야에서 김해 거주민을 살해한 혐의(강도살인·시체은닉 등)로 A(39)씨를 구속기소했다. A씨는 20대 공범 2명과 함께 지난 5월 3일 파타야에서 금품을 빼앗으려고 30대...
“학원 정상화 위해 헌신했건만…” 원어민 강사들 분통,3주 전,경남신문,‘수강료 먹튀 폐업’ 창원 대형 어학원 11명 두 달 치 임금·퇴직금 미지급 기자회견서 운영사 대표 구속 촉구 고용부 “대표 출국 정지 요청할 계획” 속보= 최근 창원지역 대형 어학원이 운영사 부도를 이유로 돌연 폐업하면서 하루아침에 직장을 잃은 원어민 강사들이 거리로 나섰다. 이들은 임금체불과...
"서울 월계동 아파트 화재 ""80대 주민 병원 이송""",3주 전,국제뉴스,"119소방차, 화재, 소방, 속보 (사진=국제뉴스DB) 서울 월계동의 한 아파트에서 화재가 발생했다. 20일 오전 11시 50분경 서울 노원구 월계동에 있는 23층짜리 아파트 13층에서 불이 나 1시간 20여 분 만에 꺼졌다. 이 불로 주민 5명이 연기를 마셨으며 이 가운데 80대 여성 1명이 병원으로 옮겨진 것으로..."
스팁 압력에 장기물 금리 상승 지속…매수 시점에 대한 고민[주간채권전...,3주 전,이데일리,"이번 주 국고채 시장은 주 후반 한국 3분기 국내총생산(GDP) 속보치와 미국 10월 스탠더드앤푸어스(S&P) 구매관리자지수(PMI) 등을 주시할 예정이다. 주... GDP 속보치, 미국 10월 구매관리자지수 등을 소화할 예정이다. 이번 주 발표되는 GDP가 강세 재료가 될 것이란 전망이 나온다. 안재균 신한투자증권..."
춘천시 조직 개편안 의회 상임위 통과…최종 승인시 내년 1월 개편 단행,3주 전,강원일보,속보=한 차례 제동이 걸렸던 민선 8기 후반기 춘천시 조직 개편안이 춘천시의회 상임위원회 심의를 통과했다. 오는 29일 본회의에서 최종 승인이 이뤄지면 시는 내년 1월 정기 인사에 맞춰 조직 개편을 전면 단행한다. 시의회 기획행정위원회(위원장:박제철)는 지난 18일 조직 개편을 담은 ‘춘천시 행정기구 설치...
충북도의회 충청광역연합의원 선임,3주 전,충청타임즈,"속보=충북도의회가 우여곡절 끝에 충청권 4개 시도(충북·충남·대전·세종) 광역연합의회에 참여할 도의원 선임을 완료했다. 연합의회는 충청권 메가시티를 표방하는 `충청광역연합'과 합을 맞출 필수 기관이다. 충북도의회는 지난 18일 열린 제421회 임시회 2차 본회의에서 이옥규(청주5), 노금식(음성2)..."
"“‘착공 연기’ 사천 선인 공공주택사업, 당초 계획대로 2027년 6월 준공...",10면 1단,경남신문,속보= 사천시 사천읍과 정동면 일대에 아파트 등 4530가구를 짓는 ‘사천선인 공공주택지구 조성사업(선인 택지조성사업)’ 착공이 문화재 정밀조사로 연기된 가운데 준공은 당초대로 맞출 것으로 보인다.(7일 온라인 ▲사천 ‘선인 공공주택 착공’ 연기 ) 사천 선진공공주택지구 조성사업 개발 예정지....
[인현동 화재 참사 25주기 '잃어버린 명예'] ① 지혜와 영순의 그날,3주 전,인천일보,"텔레비전에선 속보가 전해지고 있었다. 조바심이 더해갔다. 익숙한 지명, 눈에 익은 공간이 화면을 채웠다. ""오빠, 용돈 좀 줄래. 3만원만."" 집에서 나갈... 뉴스 속보는 모두 동인천을 가리키고 있었다. ▲어디로 가야 할지 아무도 몰랐다 ""걱정 마이소."" 날이 어둑해진 주말 저녁, 영순은 고향 김해에 계신..."
"“강릉 정화조 악취 아파트, 정비 계획에 포함돼 있다”",3주 전,강원일보,"속보=강릉의 한 아파트 입주민들이 정화조 악취로 인해 극심한 고통을 호소(본보 지난 15일자 12면 보도)하고 있는 가운데 강릉시가 해당 아파트가 정비사업 계획에 포함돼 있다고 설명했다. 강릉시에 따르면 시는 올 1월5일부터 ‘포남2처리분구 하수관로 정비사업’을 진행 중이다. 국비 218억여원, 도비..."
"“강릉 정화조 악취 아파트, 정비 계획에 포함돼 있다”",3주 전,강원일보,"속보=강릉의 한 아파트 입주민들이 정화조 악취로 인해 극심한 고통을 호소(본보 지난 15일자 12면 보도)하고 있는 가운데 강릉시가 해당 아파트가 정비사업 계획에 포함돼 있다고 설명했다. 강릉시에 따르면 시는 올 1월5일부터 ‘포남2처리분구 하수관로 정비사업’을 진행 중이다. 국비 218억여원, 도비..."
"국내 첫 민간 주도 준궤도 우주발사체 발사, 내년으로 연기",3주 전,제주일보,속보=이르면 이달 중 제주 해상에서 예정됐던 국내 첫 민간 주도 준궤도 우주발사체 발사 시험(본지 10월 2일자 2면 보도)이 내년으로 연기된다. 제주 해상발사플랫폼에서 최종 리허설을 앞둔 페리지 준궤도 시험발사체 '블루웨일0.4'. 사진=페리지 제공 민간 우주산업 스타트업인 페리지에어로스페이스(이하...
"'반도체 너마저' 2600 못뚫은 코스피…""이 업종 주목"" 증권가 조언",12면 1단,머니투데이언론사 선정,"실적대비 저평가이면서 1개월 컨센서스가 상향조정 중인 업종들""이라고 했다. 한편 23일(현지시간) 미국 연방준비제도가 경제동향 보고서인 베이지북을 공개한다. 인플레이션 우려 등에 대한 연준의 해석을 살펴볼 기회가 될 것으로 보인다. 24일엔 한국은행이 3분기 실질 국내총생산(GDP) 치를 발표한다."
"[주간증시전망] 막오른 3분기 실적 시즌… SK하닉, 분위기 띄울까",3주 전,조선비즈언론사 선정,24일엔 한국은행이 3분기 실질 국내총생산(GDP) 속보치를 발표할 예정이다. 시장 안팎에서는 우리나라의 3분기 GDP 성장률이 0.5% 내외 수준을 기록할 것이란 전망이 높다. 앞서 우리나라 성장률은 올해 1분기 1.3%로 깜짝 성장을 거뒀지만 2분기에는 마이너스(-) 0.2%로 역성장했다. 일각에선 사실상 경제가...
정부 부처 주간일정 및 보도계획(21~25일),12면 1단,머니투데이,"C., ~27일) *2024년 10월 기업경기조사 결과 및 경제심리지수(ESI) *2024년 3분기 실질 국내총생산(속보) *2024년 11월 통화안정증권 발행계획 25일(금) *이창용 총재, G20 재무장관·중앙은행총재 회의, IMF/WBG 연차총회(워싱턴 D.C., ~27일) *2024년 3분기중 외국환은행의 외환거래동향"
싸늘한 경기…경제주체 심리도 여전히 싸늘할까,3주 전,비즈워치언론사 선정,24일에는 3분기 실질 국내총생산(속보치)가 발표된다. 우리나라의 성장률은 지난 1분기 1.3%로 깜짝 성장한 뒤 이를 이어나가지 못하고 있다. 지난 2분기에는 역성장(-0.2%)하기도 했다. 시장에서는 올해 3분기에는 역성장은 피했지만 0%대 성장률을 보였을 것으로 관측하고 있다. 이마저도 2분기 역성장의...
"윤 대통령, 한동훈 대표 면담…이번주(20~26일) 주요 일정",3주 전,뉴스1,24일 3분기 GDP 발표…유류세 인하 연장 24일 한국은행은 '3분기 실질 국내총생산(GDP)' 속보치를 발표한다. 지난 2분기 GDP 성장률은 1분기 대비 0.2% 감소하며 역성장을 기록했다. 1분기 1.3%의 깜짝 성장률을 기록한 영향과 내수 부진 영향 등이 작용했다. 한은이 8월 공개한 분기별 경제 전망에서 3분기 성장률을...
[서환-주간] 달러-원 이미 높지만…여전히 불안,3주 전,연합인포맥스,"24일에는 한국은행의 3분기 실질 GDP 속보치 발표가 가장 주목된다. 시장은 전기 대비 0.5% 성장을 예상하며 결과에 따라 원화 강약이 갈릴 수 있다. 같은 날 유로존, 영국, 미국의 10월 S&P 글로벌 합성 구매관리자지수(PMI)와 미국의 주간 신규 실업보험 청구 건수도 발표된다. 25일에는 일본의 10월 도쿄지역..."
인천 왕길동 공장에 큰 불...소방 대응 2단계 진화중,3주 전,YTN,고맙습니다. 왕길동 기계공장에서 큰불이 났고요. 오늘 아침 8시 44분쯤 났고 지금도 화재가 진압 중인데 쉽지 않은 상황입니다. 대응은 2단계 발령됐고 바람이 거세게 불어서 진화가 쉽지 않은 상황인데 인명피해 여부도 아직 확인이 안 됐고요. 속보가 계속 들어오면 관련 소식을 전해드리겠습니다.
"[이번주 경제] 韓 경제, 3분기 성적표 발표…세일즈 외교 나선 경제수장",3주 전,뉴스1,한국은행은 24일 '3분기 실질 국내총생산(GDP)' 속보치를 발표한다. 지난 2분기 GDP 성장률은 1분기 대비 0.2% 감소하며 역성장을 기록했다. 1분기 1.3%의 깜짝 성장률을 기록한 영향과 내수 부진 영향 등이 작용했다. 한은은 8월 공개한 분기별 경제 전망에서 3분기 성장률을 0.5%로 추정했다. 최상목...
싸늘한 경기…경제주체 심리도 여전히 싸늘할까,3주 전,비즈워치언론사 선정,24일에는 3분기 실질 국내총생산(속보치)가 발표된다. 우리나라의 성장률은 지난 1분기 1.3%로 깜짝 성장한 뒤 이를 이어나가지 못하고 있다. 지난 2분기에는 역성장(-0.2%)하기도 했다. 시장에서는 올해 3분기에는 역성장은 피했지만 0%대 성장률을 보였을 것으로 관측하고 있다. 이마저도 2분기 역성장의...
"윤 대통령, 한동훈 대표 면담…이번주(20~26일) 주요 일정",3주 전,뉴스1,24일 3분기 GDP 발표…유류세 인하 연장 24일 한국은행은 '3분기 실질 국내총생산(GDP)' 속보치를 발표한다. 지난 2분기 GDP 성장률은 1분기 대비 0.2% 감소하며 역성장을 기록했다. 1분기 1.3%의 깜짝 성장률을 기록한 영향과 내수 부진 영향 등이 작용했다. 한은이 8월 공개한 분기별 경제 전망에서 3분기 성장률을...
[서환-주간] 달러-원 이미 높지만…여전히 불안,3주 전,연합인포맥스,"24일에는 한국은행의 3분기 실질 GDP 속보치 발표가 가장 주목된다. 시장은 전기 대비 0.5% 성장을 예상하며 결과에 따라 원화 강약이 갈릴 수 있다. 같은 날 유로존, 영국, 미국의 10월 S&P 글로벌 합성 구매관리자지수(PMI)와 미국의 주간 신규 실업보험 청구 건수도 발표된다. 25일에는 일본의 10월 도쿄지역..."
인천 왕길동 공장에 큰 불...소방 대응 2단계 진화중,3주 전,YTN,고맙습니다. 왕길동 기계공장에서 큰불이 났고요. 오늘 아침 8시 44분쯤 났고 지금도 화재가 진압 중인데 쉽지 않은 상황입니다. 대응은 2단계 발령됐고 바람이 거세게 불어서 진화가 쉽지 않은 상황인데 인명피해 여부도 아직 확인이 안 됐고요. 속보가 계속 들어오면 관련 소식을 전해드리겠습니다.
"[이번주 경제] 韓 경제, 3분기 성적표 발표…세일즈 외교 나선 경제수장",3주 전,뉴스1,한국은행은 24일 '3분기 실질 국내총생산(GDP)' 속보치를 발표한다. 지난 2분기 GDP 성장률은 1분기 대비 0.2% 감소하며 역성장을 기록했다. 1분기 1.3%의 깜짝 성장률을 기록한 영향과 내수 부진 영향 등이 작용했다. 한은은 8월 공개한 분기별 경제 전망에서 3분기 성장률을 0.5%로 추정했다. 최상목...
"[속보] 법원, '고려아연 공개매수 절차 중지' 가처분 기각",3주 전,YTN언론사 선정,고려아연과 경영권 분쟁을 벌이고 있는 영풍이 낸 가처분 신청이 받아들여지지 않았습니다. 서울중앙지방법원은 주식회사 영풍이 고려아연 최윤범 회장 등 3명을 상대로 낸 공개 매수 절차중지 가처분 신청을 기각했습니다. 앞서 영풍 측은 고려아연이 지난 4일부터 오는 23일까지 3조6천억 원 규모의 자사주를...
"[속보] 나토 수장 ""尹대통령과 통화…北파병, 중대 긴장 고조""",3주 전,중앙일보언론사 선정,"마르크 뤼터 북대서양조약기구(NATO·나토) 사무총장은 21일(현지시간) ""북한이 우크라이나에서 러시아와 함께 싸우도록 파병하는 것은 중대한 긴장 고조를 의미하게 될 것""이라고 밝혔다. 뤼터 사무총장은 이날 엑스(X·옛 트위터)를 통해 윤석열 대통령과 통화하고 ""나토-한국 간 긴밀한 파트너십과 방산협력..."
"[속보] 법원, '고려아연 자사주 취득금지' 2차 가처분도 기각",3주 전,한국경제언론사 선정,고려아연 경영권 인수를 시도하는 영풍·MBK파트너스 연합이 현 경영진의 자사주 매입을 저지하기 위해 2차로 낸 가처분 신청도 법원이 받아들이지 않았다. 서울중앙지법 민사합의50부(김상훈 수석부장판사)는 21일 영풍이 고려아연 최윤범 회장 측을 상대로 낸 공개매수 절차 중지 가처분 신청을 기각했다....
"[속보]외교부, 주한 러시아대사 초치…북한군 파병 협력 중단 촉구",A1면 1단,경향신문언론사 선정,외교부가 21일 주한 러시아대사를 불러 우크라이나 전쟁을 위한 북한군의 러시아 파병 협력을 중단하라고 촉구했다. 김홍균 외교부 1차관은 이날 오후 게오르기 지노비예프 주한 러시아대사를 서울 외교부 청사로 초치했다고 외교부가 밝혔다. 김 차관은 북한이 러시아에 병력을 파견한 것에 대한 정부의 엄중한...
"[속보] 외교부, 주한 러 대사 초치…‘북한 파병’ 항의",3주 전,세계일보언론사 선정,"게오르기 지노비예프(왼쪽) 주한 러시아 대사. 뉴시스 외교부, 주한 러 대사 초치…‘북한 파병’ 항의"
"[속보] 윤 대통령-한동훈, 용산서 면담 시작…'김여사 해법' 주목",3주 전,강원도민일보언론사 선정,윤석열 대통령과 국민의힘 한동훈 대표가 용산 대통령실에서 만나 정국 현안 논의에 돌입했다. 대통령실은 윤 대통령과 한 대표의 면담이 21일 오후 4시54분쯤 대통령실 청사 앞 야외정원인 '파인그라스'에서 시작됐다고 밝혔다. 한 대표는 당초 독대를 건의했으나 이번 면담에는 정진석 대통령비서실장이...
"[속보] 국회, 김건희·최은순 동행명령장 발부",3주 전,파이낸셜뉴스언론사 선정,
"[속보]이재명 회담 제안에 한동훈 화답 ""민생정치 위해""",3주 전,노컷뉴스언론사 선정,"이재명 회담 제안에 한동훈 화답 ""민생정치 위해"" ※CBS노컷뉴스는 여러분의 제보로 함께 세상을 바꿉니다. 각종 비리와 부당대우, 사건사고와 미담 등 모든 얘깃거리를 알려주세요.이메일 : 카카오톡 : @노컷뉴스사이트 : https://url.kr/b71afn"
[속보] ‘김건희 여사 동행명령’ 집행 불발…野 “경찰이 막아”,3주 전,서울신문언론사 선정,"야당이 21일 국회 법제사법위원회에서 강행 처리한 김건희 여사의 국정감사 동행명령 집행이 불발됐다. 법사위 행정실 직원들은 이날 정오쯤 동행명령장을 송달하기 위해 한남동 대통령 관저를 찾았으나, 김 여사에게 명령장을 송달하지 못했다. 이 자리에는 법사위 소속 더불어민주당 장경태·이건태·이성윤..."
"[속보] 두산, 로보틱스-에너빌리티 합병 비율 ‘1대 0.043’",3주 전,서울경제언론사 선정,두산그룹이 ‘캐시카우’ 역할을 해온 두산밥캣을 두산에너빌리티에서 떼어내 두산로보틱스 자회사로 두는 사업 재편 과정에서 합병 비율을 1대 0.043으로 재산정했다. 두산에너빌리티와 두산로보틱스는 21일 각각 이사회를 열고 이러한 내용을 담은 안건을 의결했다고 밝혔다. 두 회사는 사업 재편 과정에서...
[속보] ‘김건희 여사 동행명령’ 집행 불발…野 “경찰이 막아”,3주 전,서울신문언론사 선정,"야당이 21일 국회 법제사법위원회에서 강행 처리한 김건희 여사의 국정감사 동행명령 집행이 불발됐다. 법사위 행정실 직원들은 이날 정오쯤 동행명령장을 송달하기 위해 한남동 대통령 관저를 찾았으나, 김 여사에게 명령장을 송달하지 못했다. 이 자리에는 법사위 소속 더불어민주당 장경태·이건태·이성윤..."
"[속보] 두산, 로보틱스-에너빌리티 합병 비율 ‘1대 0.043’",3주 전,서울경제언론사 선정,두산그룹이 ‘캐시카우’ 역할을 해온 두산밥캣을 두산에너빌리티에서 떼어내 두산로보틱스 자회사로 두는 사업 재편 과정에서 합병 비율을 1대 0.043으로 재산정했다. 두산에너빌리티와 두산로보틱스는 21일 각각 이사회를 열고 이러한 내용을 담은 안건을 의결했다고 밝혔다. 두 회사는 사업 재편 과정에서...
"[속보] 尹대통령 ""순직·공상 경찰 지원 더 확대…아산경찰병원 조속 건...",3주 전,연합뉴스언론사 선정,
"[속보] 한동훈, 尹대통령에 金여사 관련 3대요구·특별감찰관 요청",3주 전,중앙일보언론사 선정,한동훈 국민의힘 대표가 21일 윤석열 대통령과 면담에서 “개혁의 추진 동력을 위해 부담되는 이슈들을 선제적으로 해소할 필요성이 있다”고 말했다. 박정하 당대표 비서실장은 이날 오후 7시 30분 국회에서 기자들과 면담 결과 브리핑에서 한 대표가 직접 구술로 전한 내용이라며 이같이 밝혔다. 박 비서실장은...
[속보] 尹지지율 24.1%…최저치 또 경신[리얼미터],3주 전,헤럴드경제언론사 선정,"윤석열 대통령 국정 지지율이 정부 출범 후 최저치를 또다시 경신했다는 여론조사 결과가 21일 나왔다. 리얼미터가 에너지경제신문 의뢰로 지난 14∼18일 전국 18세 이상 유권자 2510명을 대상으로 실시한 조사 결과, 윤 대통령의 국정 수행 긍정 평가는 24.1%로 집계됐다. 이는 직전 조사 대비 1.7..."
"[속보] 中, ‘사실상의 기준금리’ LPR 0.25%p 인하",3주 전,매일경제언론사 선정,"중국이 3분기 4.6% 경제성장률을 기록하며 올해 ‘5% 안팎’ 성장률 목표 달성에 적신호가 들어왔다는 우려가 나오는 가운데, 사실상의 기준금리인 대출우대금리(LPR)를 3개월 만에 인하했다. 중국인민은행(중앙은행)은 21일 주택담보대출 기준 역할을 하는 5년물 LPR을 3.85%에서 3.6%로, 일반 대출..."
[속보]러시아 “북한과 협력은 우리의 주권…발전시켜 나갈 것”,3주 전,경향신문언론사 선정,"북한이 러시아를 지원하기 위해 파병한 것을 두고 국제사회의 긴장이 높아지는 가운데 러시아는 “북한과의 협력 관계를 더 발전시켜 나갈 것”이라고 밝혔다. 21일(현지시간) AFP통신에 따르면 드미트리 페스코프 크렘린궁 대변인은 이날 브리핑에서 “북한은 우리의 가까운 이웃이자 파트너이며, 우리는 모든..."
"[속보] 윤석열-한동훈, 용산서 면담 시작",3주 전,국민일보언론사 선정,윤석열 대통령과 한동훈 국민의힘 대표가 21일 용산 대통령실에서 만났다. 한 대표가 지난달 말 독대를 요청한지 한 달만이다. 대통령실은 윤 대통령과 한 대표의 면담이 이날 오후 4시54분쯤 대통령실 청사 앞 야외정원 ‘파인그라스’에서 시작됐다고 전했다. 두 사람은 차담 형식의 면담에서 의제에 제한을...
"[속보] 韓대표, 尹대통령에 `김여사 의혹해소·활동 중단·인적쇄신` 요...",3주 전,디지털타임스언론사 선정,"한동훈 국민의힘 대표는 21일 윤석열 대통령과 만나 대통령실 내 인적 쇄신과 김건희 여사의 대외활동 중단, 김 여사 의혹 해소 노력 등 세 가지 사항을 건의했다. 또한 공석인 특별감찰관을 조속히 임명해줄 것도 요청했다. 박정하 국민의힘 대표 비서실장은 이날 저녁 국회에서 기자들과 만나 한 대표가 용산..."
"[속보]""한동훈, 尹에 김 여사 이슈 해소 필요성 전달""",3주 전,파이낸셜뉴스언론사 선정,"박정하 국민의힘 당대표 비서실장은 21일 윤석열 대통령과 한동훈 대표 간 면담 결과와 관련해 ""한 대표는 윤 대통령과의 회동에서 나빠지고 있는 민심과 여론 상황, 이에 따른 과감한 변화와 쇄신 필요성, 김건희 여사 이슈 해소와 관련해 앞서 밝힌 3가지 방안(대통령실 인적쇄신, 김 여사 대외활동 중단, 의혹..."
"[속보] 尹대통령 “러북 군사 밀착, 좌시하지 않을 것”... 나토 총장 “...",3주 전,매일경제언론사 선정,윤석열 대통령은 21일 마르크 뤼터 북대서양조약기구(NATO·나토) 사무총장과 전화 통화를 해 북한의 러시아 파병 정보를 공유하고 대응 방안을 논의했다. 윤 대통령은 뤼터 총장과 통화에서 “러시아의 우크라이나 침공과 러북의 무모한 군사적 밀착이 인도·태평양 지역과 대서양 지역 안보가 서로 불가분의...
"[속보] 여야 당대표 또 만나기로…한동훈, 이재명 제안 수락",3주 전,매일신문언론사 선정,"한동훈 국민의힘 대표와 이재명 더불어민주당 대표가 여야 대표 회담을 하기로 합의했다. 이들의 회담이 이뤄지면 지난 9월 가졌던 양자 회담에 이어 두번째가 된다. 박정하 국민의힘 당대표 비서실장은 21일 언론 공지을 통해 ""이 대표가 한 대표에게 회담을 제의했고, 한 대표도 민생 정치를 위해 흔쾌히..."
"[속보] 中, '사실상의 기준금리' LPR 0.25%p 인하",3주 전,연합뉴스언론사 선정,
"[속보] 크렘린궁 ""북한과 관계 발전은 우리의 주권""",3주 전,연합뉴스언론사 선정,
"[속보] 러 ""북한군 파병 보도, 상충하는 정보 많아""",3주 전,연합뉴스언론사 선정,
"[속보] 尹 대통령·한동훈 대표, 대통령실 정원서 면담 시작...'단독 면...",3주 전,이코노미스트언론사 선정,"윤석열 대통령과 한동훈 국민의힘 대표가 21일 오후 용산 대통령실에서 면담을 시작했다. 지난 7월 30일 정진석 대통령 비서실장이 배석한 채 비공개로 이뤄진 이후 약 두 달 반 만이자, 한동훈 대표가 지난달 24일 윤 대통령에게 독대를 요청한 후 27일 만에 열린 회동이다. 대통령실은 윤 대통령과 한 대표의..."
"[속보] ""김건희 체면 생각할 때 아냐""...법사위, 영부인 동행명령장 발...",3주 전,CJB청주방송언론사 선정,검찰이 윤석열 대통령 부인 김건희 여사의 도이치모터스 주가조작 연루 의혹을 무혐의 처분한 가운데 국회 법제사법위원회가 더불어민주당 등 야권 주도로 윤석열 대통령의 부인 김건희 여사와 윤 대통령의 장모인 최은순 씨를 대상으로 동행명령장을 발부했습니다. 앞서 국회 법제사법위원회는 21일 전체회의를...
[속보] 10월 1∼20일 수출 2.9% 감소…무역적자 10억달러,3주 전,서울경제언론사 선정,10월 중순까지 수출이 1년 전보다 3% 가까이 줄었다. 21일 관세청에 따르면 10월 1∼20일 수출액(통관 기준 잠정치)은 327억6600만달러로 지난해 같은 기간보다 2.9% 감소했다. 조업일수를 고려한 일평균 수출액은 1.0% 늘었다. 이 기간 조업일수는 12.5일로 지난해 동기(13.0일)보다 0.5일 적었다. 월간...
[속보] 尹대통령-韓대표 면담 종료…약 1시간 20분 진행,3주 전,연합뉴스언론사 선정,
"[속보]尹대통령-한동훈, 면담 시작..정진석 배석",3주 전,파이낸셜뉴스언론사 선정,윤석열 대통령과 한동훈 국민의힘 대표가 21일 회동을 갖고 주요 현안에 대한 논의에 들어갔다. 윤 대통령과 한 대표는 이날 오후 4시30분께 서울 용산 대통령실 파인그라스에서 만나 정국 이슈를 비롯해 주요 민생 현안에 대한 의견을 나눴다. 이번 면담에는 정진석 대통령 비서실장이 배석해 주요 의제들을...
[속보] 尹 “나토에 北파병 정보공유 대표단 파견”,3주 전,파이낸셜뉴스,"윤석열 대통령은 21일 나토(NATO·북대서양조약기구)에 북한이 러시아의 우크라이나 침공에 파병한 것과 관련 정보공유를 위한 대표단을 파견하겠다고 밝혔다. 북한군 파병까지 이른 북러 군사협력에 우리나라와 나토가 공동대응에 나서기 위해서다. 대통령실에 따르면, 윤 대통령은 마크 루터 나토 사무총장과..."
"[속보]윤 ""김장철 물가 안정에 만전…재료 수급 등 철저 관리"" 지시",3주 전,뉴시스언론사 선정,후속기사가 이어집니다
"[속보] 한동훈, 尹대통령에 金여사 관련 3대요구·특별감찰관 요청",3주 전,연합뉴스언론사 선정,
"[속보] 러 대사 ""북러 협력, 한국 겨냥한 것 아니다""",3주 전,뉴시스언론사 선정,후속기사가 이어집니다
"[속보] 나토 수장 ""尹대통령과 통화…北파병, 중대 긴장고조""",3주 전,연합뉴스언론사 선정,
"[속보] 尹대통령-韓, 용산서 면담 시작…'김여사 해법' 주목",3주 전,연합뉴스언론사 선정,
"[속보] ‘문제유출 의혹’ 연세대 자연계열 논술 응시생들, 시험 무효소...",3주 전,문화일보언론사 선정,"효력 정지 가처분도 함께 신청…“허술한 관리 감독으로 공정성 훼손” 2025학년도 연세대 수시모집 자연계열 논술문제가 유출됐다는 의혹과 관련, 일부 수험생이 법적 대응에 나섰다. 대표로 집단소송을 추진한 A 씨는, 올해 연세대 자연계열 논술시험에 응시한 수험생과 학부모 18명이 서울서부지법에..."
[속보] 10월 1∼20일 수출 328억 달러...무역적자 10억 달러,3주 전,YTN,이달 들어 우리나라 수출이 3％ 가까이 감소한 것으로 나타났습니다. 관세청은 이달 1일부터 20일까지 수출은 328억 달러로 지난해 같은 기간보다 2.9％ 줄었다고 밝혔습니다. 다만 휴일을 뺀 조업일수를 기준으로 보면 하루 평균 수출액은 1％ 증가했습니다. 주요 품목별로는 반도체 수출이 36.1％ 늘었고...
"[속보] 윤 대통령, 한동훈 대표와 면담 시작",3주 전,뉴스1언론사 선정,
"[속보] 러 ""北과 협력, 제3국 겨냥하지 않아…우려할 필요 없어""",3주 전,연합뉴스언론사 선정,
"[속보] 러 대사 ""러북협력 국제법 틀내에서…韓안보이익 반하지 않아""",3주 전,한국경제언론사 선정,게오르기 지노비예프 주한 러시아 대사가 21일 김홍균 외교부 1차관으로부터 초치된 자리에서 “러시아와 북한간 협력은 국제법 틀 안에서 이뤄지며 한국의 안보 이익에 반하는 것이 아니다”라고 강조한 것으로 전해졌다. 주한러시아대사관은 이날 사회관계망서비스(SNS)를 통해 이 같이 밝혔다. 국정원이 지난...
"[속보] 크렘린 ""北파병 모순된 정보 많아…韓·美 입장 달라""",3주 전,뉴시스언론사 선정,후속기사가 이어집니다
"[속보] 尹대통령 ""러북 군사 밀착, 세계 평화 위협…좌시하지 않을 것""",3주 전,연합뉴스언론사 선정,
"[속보] 韓, 尹대통령에 ""개혁 동력 위해 부담되는 이슈 선제적 해소해야...",3주 전,연합뉴스언론사 선정,
"[속보]두산, 로보틱스-에너빌 합병 비율 '1대0.043' 산정",3주 전,뉴시스언론사 선정,
"[속보]한동훈, 윤 대통령에게 ""여야의정 협의체 조속한 출범 필요""",3주 전,뉴시스언론사 선정,후속기사가 이어집니다
"[속보] 러 대사 ""러북협력 국제법 틀내에서…韓안보이익 반하지 않아""",3주 전,연합뉴스언론사 선정,
[속보] 로보틱스-'밥캣' 보유 에너빌리티 신설법인 합병비율 1대 0.043,3주 전,연합뉴스언론사 선정,
"[속보]한동훈, 윤 대통령에게 ""민심과 여론에 따른 과감한 변화·쇄신 요...",3주 전,뉴시스언론사 선정,후속기사가 이어집니다
"[속보] 법원, '고려아연 자사주 취득금지' 2차 가처분도 기각",3주 전,중앙일보,"고려아연 경영권을 차지하려는 영풍·MBK파트너스 연합과 이를 막으려는 최윤범 회장 등 현 경영진 간의 분쟁이 21일 분수령을 맞았다. 서울중앙지법 민사합의50부(재판장 김상훈)는 이날 영풍·MBK가 고려아연 사내이사인 최 회장, 박기덕·정태웅 대표이사를 상대로 제기한 공개매수 금지 가처분 신청을..."
"[속보] 한동훈, 윤 대통령에 김 여사 관련 3대 요구...""대외활동 중단해...",3주 전,CJB청주방송언론사 선정,"한동훈 국민의힘 대표가 21일 윤석열 대통령과의 면담에서 김건희 여사 관련 3가지 방안을 요청하면서 ""정부 개혁 추진 동력을 위해서라도 부담되는 이슈들을 선제적으로 해소할 필요가 있다""고 말했습니다. 박정하 국민의힘 당 대표 비서실장은 이날 오후 서울 여의도 국회에서 기자들과 만나 ""한 대표는 오늘..."
"[속보]윤 대통령-한 대표, 대통령실 파인그라스에서 면담 시작",3주 전,부산일보언론사 선정,윤석열 대통령과 한동훈 국민의힘 대표의 면담이 21일 오후 서울 용산 대통령실 파인그라스에서 시작됐다고 대통령실이 밝혔다. 윤 대통령과 한 대표는 이날 오후 4시30분께 서울 용산 대통령실 파인그라스에서 만나 정국 이슈를 비롯해 주요 민생 현안에 대한 의견을 나눴다. 이번 면담에는 정진석 대통령...
"[속보] 한동훈, 尹에 김 여사 '대외활동' 중단 등 요청",3주 전,매일신문언론사 선정,"한동훈 국민의힘 대표 측은 21일 윤석열 대통령과의 면담이 끝난 후 브리핑을 통해 ""오늘 대통령과의 회동에서 나빠지고 있는 민심과 여론 상황, 이에 따른 과감한 변화와 쇄신의 필요성을 말씀드렸다""고 밝혔다. 박정하 국민의힘 당대표 비서실장은 이날 오후 7시 25분쯤 서울 여의도 국회에서 기자들과 만나..."
[속보] 尹 “서민에 고통주는 민생범죄 끝까지 추적해 엄중 처벌해야”,3주 전,매일경제언론사 선정,윤석열 대통령은 21일 “서민에게 고통을 주는 민생범죄를 끝까지 추적해서 엄중히 처벌해야 한다”고 지시했다. 윤 대통령은 이날 경찰청에서 개최된 제79주년 경찰의 날 기념식에서 이같이 말했다. 윤 대통령은 “범죄수익과 자금원을 빠짐없이 환수해 범죄 생태계 연결 고리를 근원적으로 끊어내기를...
"[속보]“7만 달러 어게인?”…트럼프 테마자산 비트코인, 6만9000달러 돌...",3주 전,문화일보언론사 선정,암호화폐 대장주 비트코인의 가격이 7만 달러 선을 위협하고 있다. 21일 코인게코에 따르면 이날 오전 10시40분 기준 비트코인 한 개 당 가격은 24시간 전 대비 1.5% 이상 상승한 6만9329달러를 기록했다. 6만8000달러대에 머물던 비트코인 가격은 이날 오전 7시30분께 6만9000달러를 넘어섰다. 지난 7월 말 이후 약...
[속보] 두산 '밥캣을 로보틱스 자회사로' 재추진… 합병비율 재산정,3주 전,중앙일보,두산그룹이 두산밥캣을 두산에너빌리티에서 떼어내 두산로보틱스 자회사로 두는 사업 재편안을 다시 추진한다. 두산에너빌리티와 두산로보틱스는 21일 각각 이사회를 열고 이러한 내용을 의결했다. 두 회사는 사업 재편 과정에서 두산에너빌리티 주주들이 기존보다 두산로보틱스 주식을 더 받을 수 있게 합병...
"[속보]강혜경 ""尹 관련 여론조사 조작 2~3건 더 있다""",3주 전,노컷뉴스언론사 선정,"강혜경 ""尹 관련 여론조사 조작 2~3건 더 있다"" ※CBS노컷뉴스는 여러분의 제보로 함께 세상을 바꿉니다. 각종 비리와 부당대우, 사건사고와 미담 등 모든 얘깃거리를 알려주세요.이메일 : 카카오톡 : @노컷뉴스사이트 : https://url.kr/b71afn"
"[속보]한동훈, 윤 대통령에게 ""김 여사 이슈 3가지 방안, 특별감찰관 임...",3주 전,뉴시스언론사 선정,후속기사가 이어집니다
"[속보] 용산 ""윤·한, 헌정유린 막고 정부 성공 위해 하나되자 합의""",3주 전,중앙일보언론사 선정,"대통령실은 21일 윤석열 대통령과 국민의힘 한동훈 대표가 면담에서 “헌정 유린을 막아내고 정부의 성공을 위해 당정이 하나가 되기로 의견을 같이했다”고 밝혔다. 대통령실 관계자는 이날 “윤 대통령과 한 대표가 면담을 시작하기 전 산책을 하고, 면담에서 대화 주제 제한 없이 격의 없는 대화를 나눈..."
"[속보]尹-韓, 용산 대통령실 파인그라스에서 면담 시작",3주 전,노컷뉴스언론사 선정,"尹-韓, 용산 대통령실 파인그라스에서 면담 시작 ※CBS노컷뉴스는 여러분의 제보로 함께 세상을 바꿉니다. 각종 비리와 부당대우, 사건사고와 미담 등 모든 얘깃거리를 알려주세요.이메일 : 카카오톡 : @노컷뉴스사이트 : https://url.kr/b71afn"
[속보] 10월 1~20일 수출·수입 각 2.9%·10.1% 감소…무역적자 10억 달러,3주 전,중앙일보,"이번 달 1~20일까지 한국의 수출액과 수입액이 전년 동기 대비 각각 2.9%, 10.1% 감소했다. 무역수지는 10억 달러 적자를 기록했다. 관세청이 21일 발표한 ‘10월 1일~20일 수출입 현황’에 따르면 수출은 327억6600만 달러로 전년동기 대비 2.9%(9억7000만 달러) 감소했다. 이유는 이 기간 조업일수(12.5일)가..."
"[속보] 비트코인 1% 상승, 6만9000달러 돌파",3주 전,뉴스1,
[속보] 윤 대통령 “김장철 물가에 만전 기해 달라”,3주 전,세계일보언론사 선정,윤석열 대통령. 뉴스1 윤 대통령 “김장철 물가에 만전 기해 달라”
[속보] 윤석열-한동훈 80분 면담 종료,3주 전,더팩트언론사 선정,21일 윤석열 대통령과 한동훈 국민의힘 대표와의 면담이 종료됐다. 한 대표가 윤 대통령과 독대를 요청한지 약 한 달만에 이뤄진 면담은 80분 가량 진행됐다.
"[속보]尹 ""나토에 러북군사협력 정보공유 대표단 신속 파견""",3주 전,노컷뉴스언론사 선정,"尹 ""나토에 러북군사협력 정보공유 대표단 신속 파견"" ※CBS노컷뉴스는 여러분의 제보로 함께 세상을 바꿉니다. 각종 비리와 부당대우, 사건사고와 미담 등 모든 얘깃거리를 알려주세요.이메일 : 카카오톡 : @노컷뉴스사이트 : https://url.kr/b71afn"
"[속보]두산, 로보틱스-에너빌리티 합병 비율 '1:0.04'산정",3주 전,이데일리언론사 선정,
[속보]尹대통령-한동훈 국민의힘 당 대표 면담 종료,3주 전,아시아경제언론사 선정,
"[속보] 윤 대통령 ""서민에 고통 주는 민생범죄 끝까지 추적해 엄중 처벌...",3주 전,뉴스1언론사 선정,
[속보] 10월 1~20일 수출 328억달러로 2.9% 감소…무역적자 10억달러,3주 전,뉴스1언론사 선정,
"[속보]韓 ""정부 개혁·외교안보 적극 지원…민생정책 당정대 협력 강화...",3주 전,노컷뉴스언론사 선정,"韓 ""정부 개혁·외교안보 적극 지원…민생정책 당정대 협력 강화"" ※CBS노컷뉴스는 여러분의 제보로 함께 세상을 바꿉니다. 각종 비리와 부당대우, 사건사고와 미담 등 모든 얘깃거리를 알려주세요.이메일 : 카카오톡 : @노컷뉴스사이트 : https://url.kr/b71afn"
[속보]두산밥캣-로보틱스 합병 재추진…1대 0.043 비율,3주 전,아시아경제언론사 선정,
[속보] 수출 2.9%↓수입 10.1%↓…무역수지 10억불 적자,3주 전,머니투데이,관세청이 21일 발표한 '10월 1일~20일 수출입 현황'에 따르면 수출은 327억6600만달러로 전년동기 대비 2.9%(9억7000만달러) 감소했다. 수입은 337억7500만달러로 전년동기 대비 10.1%(37억9000만달러) 줄었다. 해당 기간의 수입이 수출을 웃돌면서 무역수지는 10억800만달러 적자를 보였다.
"[속보] 검찰, ‘자본시장법 위반 혐의’ LS증권·현대건설 등 압수수색",3주 전,세계일보언론사 선정,"검찰, ‘자본시장법 위반 혐의’ LS증권·현대건설 등 압수수색"
"[속보]윤-한, 회동 시작…'김여사 3대 요구' 접점 주목",3주 전,뉴시스언론사 선정,후속기사가 이어집니다
"[속보] 법원, '고려아연 자사주 취득 금지' 2차 가처분도 기각",3주 전,파이낸셜뉴스언론사 선정,
"[속보]尹대통령 ""경찰 법집행 보호받게 면책 규정 확대""",3주 전,파이낸셜뉴스,"윤석열 대통령은 21일 ""경찰의 정당한 법 집행이 국가의 보호를 받을 수 있도록 면책 규정 확대를 비롯한 다양한 노력을 아끼지 않을 것""이라고 밝혔다. 윤 대통령은 이날 오전 경찰청에서 열린 제79주년 경찰의날 기념식에 참석해 축사를 통해 ""현장 경찰들이 역량을 키울 수 있도록 교육 인프라도 대폭 확충할 것..."
"[속보] 법사위, ‘증인 불출석’ 김건희 여사 동행명령장 발부",3주 전,헤럴드경제언론사 선정,"[속보] 법사위, ‘증인 불출석’ 김건희 여사 동행명령장 발부"
"[속보] 한동훈, 尹에 '김 여사 대외활동 중단·특감 진행' 등 요구",3주 전,아이뉴스24언론사 선정,"박정하 국민의힘 당대표 비서실장은 21일 ""한동훈 대표가 윤석열 대통령에게 '대통령실 인적쇄신, 김건희 여사 대외활동 중단, 여사 관련 의혹 상황설명 및 해소, 특별감찰관 설치, 여야의정협의체 조속 출범 필요성' 등 내용을 전달했다""고 밝혔다."
"[속보]10월 1~20일 수출 2.9%↓…""조업일수 부족에 일시적 감소""",3주 전,아시아경제언론사 선정,
"[속보] 나토 총장 ""러북 군사협력 대응에 한국과 적극 협력""",3주 전,뉴시스언론사 선정,후속기사가 이어집니다
"[속보] 윤 대통령 ""북러 군사협력 진전…단계별 조치 착수""",3주 전,뉴스1언론사 선정,
"[속보]尹 ""범죄수익·자금원 빠짐없이 환수해 범죄 생태계 끊어내길""",3주 전,노컷뉴스언론사 선정,"尹 ""범죄수익·자금원 빠짐없이 환수해 범죄 생태계 끊어내길"" ※CBS노컷뉴스는 여러분의 제보로 함께 세상을 바꿉니다. 각종 비리와 부당대우, 사건사고와 미담 등 모든 얘깃거리를 알려주세요.이메일 : 카카오톡 : @노컷뉴스사이트 : https://url.kr/b71afn"
"[속보]中 인민은행, 사실상 기준금리 1년물·5년물 0.25%p씩 인하",3주 전,이데일리,"중국 인민은행은 대출우대금리(LPR) 1년 만기를 3.10%, 5년 만기 3.60%으로 전월대비 각각 0.25%포인트씩 인하했다고 20일 밝혔다. 이는 시장 예측을 웃도는 수준이다. 판궁성 인민은행 총재는 앞서 지난 18일 한 포럼에서 상업은행들이 예금 금리 인하를 발표한 점을 언급하며 21일 LPR을 0.2~0.25%포인트..."
"[속보] 대통령실, 한동훈 요구 '김건희 이슈 해결' 별도 입장 없어",3주 전,뉴스1,
[속보] KIA vs 삼성 KS 1차전 비로 중단…22일 오후 4시 '6회초 재개',3주 전,뉴스1,
"[속보]윤 ""스토킹 등 약자대상 범죄 초기부터 강력하게 법 집행""",3주 전,뉴시스언론사 선정,후속기사가 이어집니다
"[속보]윤, 나토 사무총장과 통화 ""북, 우크라전 파병 등 평화 위협…좌...",3주 전,뉴시스언론사 선정,후속기사가 이어집니다
"[속보]윤 ""조폭들 민생범죄 영역 확장…마약·도박 아이들 미래 위협""",3주 전,뉴시스언론사 선정,후속기사가 이어집니다
"[속보]윤 ""딥페이크 범죄·가짜뉴스 급증…경찰, 더 빠르게 발전해야""",3주 전,뉴시스언론사 선정,후속기사가 이어집니다
"[속보] '꼼수 회피' 의혹 노소영, 법사위 국감 '불출석 사유서' 제출",3주 전,데일리안언론사 선정,
[속보] 코스닥 6.73p(0.89%) 오른 759.95(마감),3주 전,이투데이,이투데이=박상인 기자 | [속보] 코스닥 6.73p(0.89%) 오른 759.95(마감)
[속보] 코스피 11.10p(0.43%) 오른 2604.92(마감),3주 전,이투데이,이투데이=박상인 기자 | [속보] 코스피 11.10p(0.43%) 오른 2604.92(마감)
[속보]윤-한 '용산 회동' 종료…1시간20분간 짧은 산책·면담,3주 전,뉴시스언론사 선정,[알림] 윤석열 대통령과 한동훈 국민의힘 당 대표 면담이 종료되었습니다. 관련 내용 기사화 가능합니다．
"[속보]윤 ""민생범죄 끝까지 추적 엄벌, 범죄수익·자금원 빠짐없이 환수...",3주 전,뉴시스언론사 선정,후속기사가 이어집니다
"[속보] 윤 대통령 ""딥페이크 등 디지털 성범죄 뿌리 뽑아야""",3주 전,뉴스1,
"[속보]윤 대통령-한동훈 대표, 1시간20여분간 면담 종료",3주 전,머니투데이,21일 대통령실
"[속보]KIA-삼성 한국시리즈 1차전, 우천 지연",3주 전,남도일보,21일 광주 기아챔피언스필드에서 열린 2024 신한 SOL뱅크 KBO 포스트시즌 한국시리즈 1차전 삼성 라이온즈와 KIA 타이거즈의 경기 시작에 앞서 비가 내려 방수포가 설치돼 있다. /연합뉴스 프로야구 KIA 타이거즈와 삼성 라이온즈가 31년 만에 격돌하는 프로야구 한국시리즈 1차전이 비로 지연되고 있다....
"[속보] 이스라엘 ""헤즈볼라 자금 조달 기관 제거할 것""",3주 전,뉴시스,후속기사가 이어집니다
"[속보]윤 대통령-한동훈 대표, 10여분간 잔디밭·헬기장 산책",3주 전,머니투데이,윤석열 대통령이 21일 한동훈 국민의힘 대표와 면담 과정에서 일부 참모들이 참석한 채 10여분간 함께 산책을 한 것으로 파악됐다.
[속보] 코스피 6.95p(0.27%) 오른 2600.77(개장),3주 전,이투데이,이투데이=박상인 기자 | [속보] 코스피 6.95p(0.27%) 오른 2600.77(개장)
"[속보] 헤즈볼라 ""이스라엘 총리 자택 드론 공격""",3주 전,연합뉴스언론사 선정,
"[속보]범어사 찾은 윤 대통령 ""돌 던져도 맞고 가겠다""",3주 전,부산일보언론사 선정,"윤석열 대통령은 22일 부산 금정구 범어사를 방문한 자리에서 “여러 힘든 상황이 있지만 업보로 생각하고 나라와 국민을 위해 좌고우면하지 않고 일하겠다""면서 “돌을 던져도 맞고 가겠다”고 밝혔다. 윤 대통령은 이날 부산항컨벤션센터에서 열린 2024 세계자원봉사대회 참석에 앞서 범어사를 찾아 방장..."
"[속보] IMF, 올해 한국 경제성장률 전망 2.5% 유지…내년은 2.2%",3주 전,매일경제언론사 선정,"국제통화기금(IMF)이 올해와 내년 한국의 경제 성장률을 각각 2.5%, 2.2%로 전망하면서 이전 수준을 유지했다. 22일 기획재정부에 따르면 IMF는 이날 이런 내용이 담긴 10월 세계경제전망(World Economic Outlook)을 발표했다. 한국의 올해 경제성장률 전망(2.5%)은 지난 7월 당시 전망과 같다. 정부(2.6..."
[속보]‘불법도박 고백’ 개그맨 이진호 경찰 출석···“죄송하다”,3주 전,경향신문언론사 선정,인터넷 불법도박 사실을 고백한 개그맨 이진호(38)가 22일 경찰에 출석해 조사를 받았다. 서울 강남경찰서는 이날 오후 2시쯤 상습도박·사기 등 혐의를 받는 이진호를 피의자 신분으로 불러 조사하고 있다. 경찰은 이진호가 빚을 진 경위와 도박에 참여한 빈도 등을 조사할 것으로 알려졌다....
"[속보]'불법 도박' 이진호 경찰 출석…""죄송합니다""",3주 전,뉴스1언론사 선정,
"[속보] 정부 ""북한군 즉각 철수해야…러북 군사야합 좌시않을 것""",3주 전,한국경제언론사 선정,정부는 러시아 지원을 위한 북한의 우크라이나 전쟁 파병 및 참전과 관련해 북한군의 즉각 철수를 촉구하는 동시 향후 러북 군사 협력의 강도에 상응하는 단계적 조치를 이행하겠다고 경고했다. 22일 정부는 용산 대통령실에서 신원식 국가안보실장 주재로 긴급 국가안전보장회의(NSC)상임위원회를 열고 이 같은...
"[속보] 황준국 유엔대사 “러, 불량국가 北 병력으로 도박…즉시 중단돼...",3주 전,중앙일보언론사 선정,황준국 주유엔 대사는 21일(현지시간) 러시아의 우크라이나 전쟁을 돕기 위해 북한이 병력을 보내고 있는 것과 관련해 “러시아와 북한 간 불법 군사협력은 규탄받아야 하며 즉시 중단돼야 한다”라고 밝혔다. 이날 황 대사는 미국 뉴욕 유엔본부에서 우크라이나 평화 및 안보 유지를 주제로 열린...
"[속보]北 ""러시아 파병은 근거없는 소문"" 발뺌",3주 전,헤럴드경제언론사 선정,"주(駐)유엔 북한대표부는 북한이 러시아의 우크라이나 전쟁을 돕기 위해 병력을 보내고 있다는 한국 정부의 발표와 보도에 대해 ""근거 없는 소문""이라고 부정했다. 유엔 주재 북한 대표부 관계자는 21일(현지시간) 미국 뉴욕 유엔본부에서 열린 유엔총회 제1위원회(군축·국제안보 담당) 회의에서 ""러시아와의..."
[속보]“당선확률 트럼프 54%·해리스 45%”…2개월 만에 뒤집힌 예측,3주 전,문화일보언론사 선정,2주 앞으로 다가온 미국 대통령 선거에서 도널드 트럼프 전 대통령이 승리할 것이라는 영국 시사주간지 이코노미스트의 관측이 제시됐다. 특히 이코노미스트는 트럼프의 당선 확률을 54%로 전망했다. 이코노미스트의 예측 모델에서 트럼프 전 대통령의 당선 확률이 카멀라 해리스 부통령보다 높게 나타난 것은...
"[속보]한동훈 ""여야의정 협의체에 의료계 참여""",3주 전,머니투데이,"한동훈 국민의힘 대표가 22일 ""여야의정 협의체에 의료계 참여를 환영한다""며 ""협의체가 가동될 것으로 보인다""고 밝혔다."
"[속보] 尹대통령, 韓 인적쇄신 요구에 “문제 있는 사람 알려주면 조치...",3주 전,매일경제언론사 선정,윤석열 대통령은 21일 한동훈 국민의힘 대표와 면담에서 대통령실 내부의 김건희 여사 관련 인맥을 쇄신해달라는 건의를 받고 “누가 어떤 문제를 야기하고 있는지 구체적으로 전달하면 그 내용을 보고 조치 여부를 판단하겠다”고 말했다고 22일 대통령실 고위관계자가 전했다. 윤 대통령은 부인 김건희 여사...
"[속보]'고려제약 불법 리베이트 의혹' 의사 1명, 직원 1명 구속",3주 전,노컷뉴스언론사 선정,"고려제약 제품을 사용하는 대가로 불법 리베이트를 받은 혐의로 의사 1명과 병원 직원 1명이 22일 구속됐다. 경찰 수사에 속도가 붙을 것으로 보인다. ※CBS노컷뉴스는 여러분의 제보로 함께 세상을 바꿉니다. 각종 비리와 부당대우, 사건사고와 미담 등 모든 얘깃거리를 알려주세요.이메일..."
"[속보]윤 대통령 “집사람 많이 힘들어해, 이미 많이 자제…인사는 내가...",3주 전,문화일보언론사 선정,윤석열 대통령은 21일 국민의힘 한동훈 대표와 면담에서 대통령실 내부의 김건희 여사 관련 인맥을 쇄신해달라는 건의에 “누가 어떤 문제를 야기하고 있는지 구체적으로 전달하면 그 내용을 보고 조치 여부를 판단하겠다”고 말했다. 다만 “어처구니 없는 의혹 제기에 당이 같이 싸워달라”고 밝혀 사실상 한...
"[속보] 대통령실 ""대통령 부인 동행명령은 저열하고 폭력적 정치 행태""",3주 전,중앙일보언론사 선정,대통령실은 22일 더불어민주당 주도로 국회 법제사법위원회가 김건희 여사에 대한 동행명령장을 발부한 데 대해 “저열하고 폭력적인 정치 행태에 유감을 표한다”고 밝혔다. 정혜전 대변인은 이날 용산 대통령실에서 브리핑을 통해 “오직 중대 범죄 혐의로 판결을 눈앞에 둔 당 대표의 방탄을 위해 검사...
"[속보] 북한 유엔대표 ""러 파병, 근거없는 소문…언급 필요 못느껴""",3주 전,TV조선언론사 선정,"북한 유엔대표 ""러 파병, 근거없는 소문…언급 필요 못느껴"""
"[속보]한동훈 ""여야의정 협의체에 의료계 참여""",3주 전,머니투데이,"한동훈 국민의힘 대표가 22일 ""여야의정 협의체에 의료계 참여를 환영한다""며 ""협의체가 가동될 것으로 보인다""고 밝혔다."
"[속보] 윤 대통령 ""김 여사 힘들어해...이미 활동 자제""",3주 전,YTN언론사 선정,"대통령실 관계자 ""윤-한 대화, 차분하고 원만"" ""한동훈, 민심 여론 사항 이야기 먼저 꺼내"" 윤 대통령 ""인적 쇄신, 문제 있는 사람 정리했다"" ""인적 쇄신, 구체적으로 이야기해야 조치"" 윤 대통령 ""김 여사 힘들어해…이미 활동 자제"" ""활동 줄였는데 과하다고 하니 더 자제하려 한다"" 윤 대통령 ""김 여사 의혹, 검찰..."
"[속보] 대통령실 ""김 여사 동행명령장, 망신 주기 구태 정치쇼""",3주 전,더팩트언론사 선정,"대통령실이 김건희 여사에 대한 더불어민주당의 국정감사 동행명령장 발부를 두고 ""대통령 부인을 망신 주고 진흙탕에 몰아넣기 위한 구태 정치쇼의 전형""이라고 비판했다. 정혜전 대통령실 대변인은 22일 오전 용산 대통령실에서 현안 브리핑을 열고 ""민주당이 헌정 사상 처음으로 대통령 부인에게 동행명령을..."
"[속보]尹대통령 ""김 여사도 많이 힘들어해, 활동 더 자제하려해""",3주 전,파이낸셜뉴스언론사 선정,"윤석열 대통령은 한동훈 국민의힘 대표가 김건희 여사에 대한 대외활동 자제 요청에 대해 ""김 여사도 많이 힘들어하고 있다""면서 ""꼭 필요한 공식 의전행사가 아니면 이미 많이 자제하고 있다""고 답했다. 윤 대통령은 전날 한 대표와 면담에서 김 여사와 관련된 한 대표 요청에 대해 ""앞으로 보면 알게될 것..."
[속보]엔비디아 사상 최고치…다우·S&P500은 숨고르기,3주 전,이데일리언론사 선정,"사상 최고치를 경신하던 다우지수와 S&P500지수가 숨고르기 장세를 보였다. 국채금리가 치솟으면서 투자자들은 잠시 눈치보기에 나선 것이다. 다만 엔비디아는 사상 최고치를 기록했고, 나스닥은 상승 마감했다. 21일(현지시간) 뉴욕증권거래소에서 블루칩을 모아놓은 다우존스 30산업평균지수는..."
"[속보] 정부 ""北 러시아 파병, 국제사회에 중대한 안보 위협""",3주 전,연합뉴스언론사 선정,
"[속보] 정부 ""러북 군사협력 추이 따라 단계적 대응조치 실행""",3주 전,연합뉴스언론사 선정,
"[속보] 尹대통령, 韓 인적쇄신 요구에 ""문제 있는 사람 알려주면 조치""",3주 전,연합뉴스언론사 선정,
"[속보] 정부 ""北 파병 정보, 美 포함 우방국과 공유해 만든 결과""",3주 전,연합뉴스언론사 선정,
"[속보] 정부 ""북한군 즉각 철수해야…러북 군사야합 좌시않을 것""",3주 전,연합뉴스언론사 선정,
"[속보] 정부 ""北, 청년을 명분없는 전쟁터 내몰아…범죄집단 자인""",3주 전,연합뉴스언론사 선정,
"[속보] 대통령실 ""미국, 北 러시아 파병에 조만간 입장 표명할 것""",3주 전,연합뉴스언론사 선정,
"[속보] 대통령실 ""북한 지도부의 주민 악용·갈취 알려 나갈 것""",3주 전,연합뉴스언론사 선정,
"[속보] 대통령실, 우크라 무기 지원에 ""단계별로 공격용도 고려 가능""",3주 전,연합뉴스언론사 선정,
"[속보] 윤 대통령, 김 여사 관련 의혹 등 구체적 입장 표명한 듯",3주 전,YTN언론사 선정,"윤석열 대통령이 한동훈 대표와의 면담에서 김 여사 관련 3대 요구는 물론 김 여사 특검법이나 명태균 씨 관련 의혹에도 구체적인 입장을 설명한 것으로 전해졌습니다. 한 대표는 어제 면담에서 여당 의원들을 만나 김 여사 특검법 반대를 설득해 막았지만, 앞으로 상황이 더 악화할 경우 걱정된다는 입장을 전한..."
"[속보] 한동훈 ""오직 국민만 보고 피하지 않고 민심 따라 문제 해결할것...",3주 전,연합뉴스언론사 선정,
"[속보] 대통령실 ""대통령 부인 동행명령은 저열하고 폭력적 정치 행태""",3주 전,연합뉴스언론사 선정,
"[속보] ‘불법 도박 혐의’ 이진호, 경찰 출석…“죄송합니다”",3주 전,헤럴드경제,불법 도박을 인정한 개그맨 이진호(38)씨가 22일 오후 1시55분 피의자 신분으로 서울 경찰에 출석했다. 서울 강남경찰서는 이날 이씨를 상습도박 등 혐의 피의자 신분으로 불러 조사 중이다. 경찰은 이씨가 상당한 빚을 지게 된 경위와 상습 도박 여부 등을 캐물을 것으로 예상된다. 동료 연예인과 대부업체...
"[속보] 尹대통령 ""무모한 특검법 막아줘 고마워…의원들 믿는다""",3주 전,연합뉴스언론사 선정,
"[속보]NC, 신임 감독에 이호준 선임…3년 14억원",3주 전,뉴시스,후속기사가 이어집니다
"[속보] 尹대통령 ""어처구니없는 의혹에 당도 같이 싸워주면 좋겠다""",3주 전,연합뉴스언론사 선정,
[속보]‘23억 빚 불법도박’ 이진호 경찰 출석…“성실히 조사 받겠다”,3주 전,이데일리,동료 연예인·대부업체 등으로부터 23억원 가량을 빌려 불법도박을 한 의혹을 받는 개그맨 이진호씨가 22일 오후 서울 강남경찰서에 출석하며 “성실히 조사 받겠다”라고 말했다.
"[속보] 尹, 특별감찰관 도입에 ""北인권재단과 연동…여야 합의 따를 것...",3주 전,연합뉴스언론사 선정,
"[속보] 윤 대통령, 한동훈 인적 쇄신 요구에 ""문제 있는 사람 알려주면...",3주 전,데일리안언론사 선정,"[속보] 윤 대통령, 한동훈 인적 쇄신 요구에 ""문제 있는 사람 알려주면 조치"""
"[속보] 尹대통령, 김여사 활동자제 건의에 ""대외활동 많이 하지 않을 것...",3주 전,연합뉴스언론사 선정,
"[속보] ‘불법 도박 혐의’ 이진호, 서울 강남경찰서 출석",3주 전,매일경제언론사 선정,"불법 도박 사실을 고백한 개그맨 이진호(38)가 서울 강남경찰서에 출석했다. 국민신문고에 상습 도박, 사기 혐의 등으로 고발당한지 8일 만이다. 이진호는 22일 오후 2시께 서울 강남경찰서에 도착해 현장에 대기하고 있던 취재진에게 “죄송합니다. 조사를 성실히 받겠습니다”라고 말한 후 경찰서 안으로..."
"[속보]대통령실 “윤한 면담, 서로 하고 싶은 말 다했다”",3주 전,이데일리언론사 선정,"[속보]대통령실 “윤한 면담, 서로 하고 싶은 말 다했다”"
"[속보] 대통령실 ""김 여사 동행명령, 민주당 일당 독재 민낯 보여줘""",3주 전,뉴스1,
"[속보] '불법도박' 고백한 이진호, 피의자 신분 경찰 출석",3주 전,머니투데이,22일 서울 강남경찰서.
[속보] '36주 태아 낙태 브이로그' 병원장·집도의 살인 혐의 구속영장...,3주 전,아이뉴스24,"'36주 태아 낙태 브이로그' 사건과 관련, 낙태 수술을 진행한 병원의 원장과 실제 수술 집도의가 구속 기로에 놓였다. 22일 경찰 등에 따르면 서울경찰청 형사기동대는 20대 여성 A씨의 낙태 수술을 진행한 산부인과의 병원장 B씨와 A씨의 실제 수술을 집도한 의사 C씨에 대한 구속영장을 지난주 신청했다. 검찰..."
"[속보]용산 ""대통령과 與대표간 격의없이 대화만으로도 성과""",3주 전,파이낸셜뉴스언론사 선정,"대통령실은 22일 윤석열 대통령과 한동훈 국민의힘 대표와의 전날 면담과 관련, ""대통령과 당 대표가 그냥 격의없이 대화를 나눈 것만으로도 성과""라고 평가했다. 대통령실 관계자는 이날 서울 용산 청사에서 기자들과 만나 ""향후 헌정 유린을 막아내고 당정이 하나되자는 데 뜻을 같이 했다는 점도 상당히 의미가..."
"[속보]대통령실 “北, 러시아 즉각 철수 촉구…국제사회와 단호 대처”",3주 전,이데일리언론사 선정,"대통령실 “北, 러시아 즉각 철수 촉구…국제사회와 단호 대처”"
"[속보] 한국시리즈 1차전, 경기장 사정과 비 예보로 또 연기…23일 재개",3주 전,중앙일보,세찬 가을비로 인해 프로야구 포스트시즌 사상 처음 서스펜디드 게임이 선언됐던 한국시리즈 1차전이 22일 다시 연기됐다. KBO는 이날 오후 4시부터 광주 기아챔피언스필드에서 재개될 예정이었던 KIA 타이거즈-삼성 라이온즈의 한국시리즈(KS·7전 4선승제) 1차전이 그라운드 사정으로 인해 취소됐다고...
"[속보]尹 ""나와 내 가족, 문제 있을 때 편하게 빠지려 한 적 없다""",3주 전,파이낸셜뉴스언론사 선정,"윤석열 대통령은 한동훈 국민의힘 대표가 김건희 여사와 관련한 의혹규명 요청에 ""막연히 이야기하지말고 구체화해서 가져와달라""고 답했다. 윤 대통령은 전날 한동훈 대표와 면담에서 김 여사 의혹규명에 대해 ""일부 의혹은 검찰 조사가 진행중이고 의혹을 수사하려면 객관적 단서가 있어야지 단순..."
"[속보] 대한의학회·의대협회, 여야의정 협의체 참여한다",3주 전,국제뉴스,"의대 증원 파업 의료계 학술단체인 대한의학회가 한국의과대학·의학전문대학원협회(KAMC·의대협회)와 함께 여·야·의·정 협의체에 참여한다. 22일 의료계에 따르면 이진우 대한의학회 회장은 이날 학회 임원들에 의정사태 해결을 위해 ""전쟁 중에도 대화는 필요하다""며 이같이 결정했다는 내용의 메시지를..."
"[속보]尹, 김 여사 활동 중단 관련 ""많이 힘들어해, 이미 많이 자제""",3주 전,노컷뉴스언론사 선정,"尹, 김 여사 활동 중단 관련 ""많이 힘들어해, 이미 많이 자제"" ※CBS노컷뉴스는 여러분의 제보로 함께 세상을 바꿉니다. 각종 비리와 부당대우, 사건사고와 미담 등 모든 얘깃거리를 알려주세요.이메일 : 카카오톡 : @노컷뉴스사이트 : https://url.kr/b71afn"
"[속보][뉴욕증시] 나스닥만 0.3% 상승...엔비디아, 4% 급등",3주 전,파이낸셜뉴스언론사 선정,
[속보] KBO 이번엔 빨랐다…서스펜디드+2차전 전부 취소→23일 순연 개최,3주 전,엑스포츠뉴스,KBO가 이번엔 발 빠르게 판단을 내렸다. 포스트시즌 최초 서스펜디드 경기와 한국시리즈 2차전이 모두 우천 순연됐다. 그라운드 정비에만 3시간 이상이 걸리는 까닭이다. KBO는 22일 오후 4시부터 광주-기아 챔피언스 필드에서 열릴 예정이었던 2024 신한 SOL BANK KBO 한국시리즈 1차전 서스펜디드 경기 및...
[속보] 유엔 총회 참석한 北 “러 파병 보도 근거없는 소문”,3주 전,한경비즈니스,유엔 총회 참석한 北 “러 파병 보도 근거없는 소문”
"[속보]대통령실 ""대한의학회 등 여야의정협 참여 환영…적극 대화할것""",3주 전,뉴시스언론사 선정,후속기사가 이어집니다
"[속보]尹, 韓 김 여사 의혹 규명 요구에 ""검찰 조사 진행 중, 구체화해달...",3주 전,노컷뉴스언론사 선정,"尹, 韓 김여사 의혹 규명 요구에 ""검찰 조사 진행 중, 구체화해달라"" ※CBS노컷뉴스는 여러분의 제보로 함께 세상을 바꿉니다. 각종 비리와 부당대우, 사건사고와 미담 등 모든 얘깃거리를 알려주세요.이메일 : 카카오톡 : @노컷뉴스사이트 : https://url.kr/b71afn"
"[속보]LG전자 ""순이익 25% 이상 주주환원 활용""…밸류업 공시",3주 전,아시아경제,
"[속보] 대통령실 ""러·북 한도 지나치면 우크라에 공격용 무기도 지원 가...",3주 전,서울경제언론사 선정,
"[속보] 윤 대통령 ""우리 의원들, 특검법 야당과 같은 입장 서면 나도 어...",3주 전,한국일보언론사 선정,"윤석열 대통령은 21일 한동훈 대표와의 면담에서 김건희 여사 특검법 이탈표 우려 상황에 대해 ""우리 의원들이 야당과 같은 입장에 선다면 나도 어쩔 수 없는 것 아니겠냐""라고 말한 것으로 확인됐다. 22일 한국일보 취재를 종합하면 한 대표는 전날 ""그동안 여당 의원 수십 명을 설득해 김 여사 특검법이 통과되는..."
[속보]공무원 '타임오프' 최종 합의…조합 규모별 8개 구간 차등 적용,3주 전,아시아경제언론사 선정,
[속보] 현대차 인도증시 상장 첫날 1.6% 하락 출발,3주 전,뉴스1,
"[속보]LG전자 ""2027년 ROE '10% 이상' 목표""",3주 전,머니투데이,"LG전자가 22일 기업가치제고계획(이하 밸류업 프로그램)을 공시했다. 지난 8월 21일 10대 그룹 가운데 첫 밸류업 예고공시를 진행한 이후 약 2개월 만이다. 밸류업 프로그램은 기업가치 제고를 위한 중장기 사업 추진 전략과 주주가치 제고를 위한 주주환원 정책, 향후 계획에 대한 내용이 골자다."
"[속보] 대통령실 ""차분·원만한 면담…서로 하고픈 말 다해""",3주 전,연합뉴스TV언론사 선정,"- ""尹 '나를 잘 알지 않나…문제있는 사람은 정리'"" - ""김여사 활동, 이미 자제…과하면 더 자제하려 해"" - ""검찰 조사 진행중…의혹 있으면 구체화해 가져와달라"" - ""편히 빠져나가려 한 적 없어""…'장모 감옥' 언급 - ""특별감찰관, 여야 합의해야할 문제"" - ""여당이 '위헌 특검법' 브레이크 걸어줘 감사"""
"[속보] 대통령실 ""제2부속실 11월초쯤 윤곽…특별감찰관, 여야 협의해야...",3주 전,서울경제언론사 선정,
"[속보] 국회 환노위, 박순관 아리셀 대표 동행명령장 발부 의결",3주 전,뉴스핌,자세한 뉴스는 곧 전해드리겠습니다.
"[속보] 비트코인 4% 급락, 6만7000달러 붕괴",3주 전,뉴스1,
"[속보] 불법도박 이진호 ""성실히 조사 받았고, 추후에도 받을 것""",3주 전,국제뉴스,"이진호[사진=이진호 SNS] 불법 도박을 인정한 개그맨 이진호가 고개를 숙였다. 22일 오후 4시 55분쯤 서울 강남경찰서에서 조사를 마치고 나온 이진호는 상습 도박 혐의와 사기 의혹을 인정했는지에 대한 질문에 ""성실히 조사받았다""며 추후에도 조사에 응할 것이라고 밝혔다. 그는 국민신문고에 상습 도박 및..."
"[속보] 오전 일정 전격 취소한 한동훈, 면담 여파?…강화서 메시지 내놓...",3주 전,디지털타임스,한동훈 국민의힘 대표가 22일 오전 예정됐던 공개 일정을 취소했다. 당초 한 대표는 이날 오전 10시 국회 의원회관에서 박수영 국민의힘 의원실과 연금개혁청년행동이 주최하는 'MZ세대가 생각하는 국가 미래를 위한 연금개혁 방향' 토론회에 참석할 예정이었다. 그러나 국민의힘은 이날 오전 6시52분 한...
"[속보] 지투파워 주가 상한가 도달, 최근 흐름이?",3주 전,CBC뉴스,속보 자료사진. 지투파워(388050)가 상한가에 도달했다. 지투파워는 22일 오전 9시 28분 현재 7340원에 거래되고 있다. 전일 종가대비 1690원(+29.91%) 뛴 것이다. 지투파워는 지난 21일에도 8.65% 상승 마감한 바 있다. 지투파워의 최근 흐름을 살펴보면 지난 8일부터 15일까지 5거래일 연속...
"[속보]갈등 지속? 윤 대통령 면담 한동훈, 오전 일정 전격 취소",3주 전,이코노미스트,"갈등 지속? 윤 대통령 면담 한동훈, 오전 일정 전격 취소"
"[속보] 손흥민, 복귀하자마자 BBC '이주의 팀' 뽑혔다…우드-살라와 스리...",3주 전,엑스포츠뉴스,"(엑스포츠뉴스 김현기 기자) 역시 손흥민이다. 부상 복귀전에서 자축포를 터트리고, 상대 자책골을 유도하며 맹활약한 손흥민이 영국 공영방송 BBC가 선정힌 2024-2025 잉글리시 프리미어리그 8라운드 '이주의 팀'에 뽑혔다. 클래스는 살아 있었다. 부상 재활 기간 그를 향한 방출설, 이적설 등이 휘몰아쳤지만..."
[속보] 한국시리즈 서스펜디드 1차전·2차전 모두 23일로 순연,3주 전,뉴스1,
"[속보] 엔비디아 4% 이상 급등, 또 사상 최고 경신",3주 전,뉴스1,
"[속보]LG전자 ""자사주 소각, 자사주 추가 매입 검토""",3주 전,머니투데이,"LG전자가 22일 기업가치제고계획(이하 밸류업 프로그램)을 공시했다. 지난 8월 21일 10대 그룹 가운데 첫 밸류업 예고공시를 진행한 이후 약 2개월 만이다. 밸류업 프로그램은 기업가치 제고를 위한 중장기 사업 추진 전략과 주주가치 제고를 위한 주주환원 정책, 향후 계획에 대한 내용이 골자다."
"[속보] 윤 대통령, 김 여사 활동 자제 건의에 “이미 지쳐있고 의욕 잃...",3주 전,KBS,"윤 대통령, 김 여사 활동 자제 건의에 ""이미 지쳐있고 의욕 잃어"""
[속보] 공무원 '타임오프' 한도 의결…유급 노조활동 보장,3주 전,뉴스인사이드,"대통령 소속 경제사회노동위원회는 22일 오전, 서울 경사노위 대회의실에서 공무원 근무시간면제심의위원회(근면위) 11차 전원회의를 열고 '근무시간면제(타임오프)' 한도를 의결했다. '근로시간면제 제도'는 노사 공동의 이해관계에 속하는 노조활동을 유급으로 인정하는 제도다. 지난 2022년 공무원·교원..."
"[속보] 대통령실 ""러북 군사협력, 중대 위협으로 전개될 가능성 대비""",3주 전,뉴스1,
[속보] 코스피 34.22p(1.31%) 내린 2570.70(마감),3주 전,이투데이,이투데이=박민규 기자 | 코스피 34.22p(1.31%) 내린 2570.70(마감)
[속보] 코스닥 21.61p(2.84%) 내린 738.33(마감),3주 전,이투데이,이투데이=박민규 기자 | 코스닥 21.61p(2.84%) 내린 738.33(마감)
"[속보] 한 총리 ""29일 이태원 참사 2주기…안전한 대한민국 만들 것""",3주 전,뉴스1,
"[속보] 대통령실 ""긴급 NSC 상임위…북, 러시아 파병 대응 방안 논의""",3주 전,뉴스1,
[속보] 실적 앞두고 혼조…다우 0.80%↓-나스닥 0.27%↑,3주 전,뉴스1,
"[속보] 대통령실 ""북, 러시아 파병 관련 미국·우크라 등 우방국과 공유...",3주 전,뉴스1,
"[속보]한국시리즈 1차전, 경기장 사정으로 다시 연기…23일 재개",3주 전,남도일보,"한국시리즈 1차전, 경기장 사정으로 다시 연기…23일 재개 ※ 상세기사 이어집니다."
"[속보] YG PLUS, 상한가 약진...주가 VI 발동 아파트의 힘인가?",3주 전,CBC뉴스,자료사진. 무단 사용 및 재배포 금지. YG PLUS는 VI가 발동한 바 있다. YG PLUS는 현재 상한가를 기록하고 있다. YG PLUS는 2거래일 연속 상한가를 기록하는 기염을 토하고 있다. YG PLUS의 연속 상한가 흐름은 블랙핑크 로제가 브루노 마스가 협업한 신곡이 히트조짐을 보이고 있다는 소식 때문이라고 할 수...
"[속보]尹, 韓 특별감찰관 건의에 ""여야가 협의할 문제""",3주 전,노컷뉴스,"尹, 韓 특별감찰관 건의에 ""여야가 협의할 문제"" ※CBS노컷뉴스는 여러분의 제보로 함께 세상을 바꿉니다. 각종 비리와 부당대우, 사건사고와 미담 등 모든 얘깃거리를 알려주세요.이메일 : 카카오톡 : @노컷뉴스사이트 : https://url.kr/b71afn"
[속보] 코스닥 1.23p(0.16%) 내린 758.72(개장),3주 전,이투데이,이투데이=박민규 기자 | 코스닥 1.23p(0.16%) 내린 758.72(개장)
[속보] 코스피 4.05p(0.16%) 내린 2600.87(개장),3주 전,이투데이,이투데이=박민규 기자 | 코스피 4.05p(0.16%) 내린 2600.87(개장)
"[속보]대통령실 ""윤 대통령 설명에 한 대표 반론 제기 없었어""",3주 전,머니투데이,22일 대통령실 고위관계자 현안 백브리핑.
"[속보]대통령실 ""北 '러시아 파병' 유엔 안보리 결의 노골적 위반""",3주 전,머니투데이,김태효 국가안보실 1차장 현안 관련 브리핑.
[속보]공무원 타임오프제 차등 적용…조합원 규모 따라 8개 구간,3주 전,머니투데이,22일 경제사회노동위원회 산하 공무원근무시간면제심의위원회.
"[속보]윤 대통령, 한 대표에 ""김 여사 활동 더 자제하려 한다""",3주 전,머니투데이,22일 대통령실 고위관계자 현안 백브리핑.
"[속보]대통령실 ""윤-한 면담, 격의없이 대화 나눈 것만으로도 성과""",3주 전,머니투데이,22일 대통령실 고위관계자 현안 백브리핑.
"[속보] 윤, 김 여사 특검법에 ""우리당 의원들이 야당 입장 선다면 어쩔...",3주 전,뉴스1,
"[속보]대통령실 ""북한군 즉각적 철수 촉구…단계적 대응조치 취할 것""",3주 전,머니투데이,김태효 국가안보실 1차장 현안 관련 브리핑.
"[속보]윤 대통령, 한 대표에 ""말 안되는 공격에 당도 적극 대응해 달라...",3주 전,머니투데이,22일 대통령실 고위관계자 현안 백브리핑.
"[속보] 尹 ""대선전 명태균 인연 딱 끊어…아내는 달래려한듯""",3주 전,서울경제,
"[속보] 한동훈, 윤 회동 이후 오전 토론회 일정 돌연 취소",3주 전,전주MBC,"한동훈, 윤 회동 이후 오전 토론회 일정 돌연 취소"
"[지진 속보] 北, 함경북도 길주 북북서쪽 37km 지역서 2.1 규모 지진",3주 전,국제뉴스,"기상청은 ""22일 01시 47분 05초경 북한 함경북도 길주 북북서쪽 37km 지역에서 2.1(± 0.2) 규모의 지진이 발생했다""고 밝혔다. 기상청은 또 ""지진의 발생위치는 위도: 41.27 N, 경도: 129.20 E, ± 5.6km, 발생깊이 18km 지점""이라며 ""자연지진으로 분석된다""고 덧붙였다."
"[속보] 메디콕스 주가 VI 발동...상한가 대폭발 기염, 주총 소집",3주 전,CBC뉴스,속보 자료사진. 메디콕스의 VI가 발동됐다. 메디콕스는 상한가를 기록하는 기염을 토해 눈길을 끌기도 했다. 메디콕스는 449원에 거래되고 있다. 이는 전일에 비해 29.77% 오른 가격이다. 메디콕스는 지난 18일과 21일 2거래일 연속 하락세를 보인 바 있다. 이날 반등은 그동안 부진을 일거에 씻는 상승이라고 할...
[속보] 8월 출생아 2만 98명...출생 '두 달 연속↑· 혼인 '다섯달 째↑,3주 전,YTN언론사 선정,"8월 출생아가 2만 명을 넘으며 두 달 연속으로 출생아 수가 증가했습니다. 혼인은 20% 늘며 다섯 달째 증가세가 이어졌습니다. 통계청이 발표한 8월 출생아 수는 2만 98명으로 1년 전보다 1천 124명, 5.9% 증가했습니다. 최근 5개월 동안 출생아 수는 지난 6월을 빼곤 모든 달에서 증가했습니다. 코로나로..."
[속보]“튀르키예 방산업체 겨냥 테러…사상자 발생”,3주 전,경향신문언론사 선정,"튀르키예 수도 인근에서 방위산업체를 겨냥한 테러가 발생했다. 23일(현지시간) AFP·로이터통신에 따르면, 이날 튀르키예 내무부는 “튀르키예항공우주산업(TUSAS) 시설에 대한 테러 공격이 자행됐다. 불행히도 사망자와 부상자가 있다”고 엑스(옛 트위터)에 밝혔다. 현지 매체는 폭발과 총성이 들렸다고..."
[속보] KBS 신임 사장 후보에 박장범 앵커 선임,3주 전,뉴스1언론사 선정,
"[속보] 美국방 ""북한병력, 러시아에 있다는 증거 있어""",3주 전,중앙일보언론사 선정,로이드 오스틴 미 국방장관은 23일(현지시간) “러시아에 북한 군대가 있다는 증거를 확보했다”고 밝혔다. 로이터 통신에 따르면 오스틴 장관은 이날 이탈리아 로마에서 취재진과 만나 “DPRK(조선민주주의인민공화국) 병력이 러시아에 있다는 증거가 있다”고 말했다. 북한군의 러시아 파병을 미국 정부가...
[속보] '이별통보 여자친구 살해' 김레아 1심서 무기징역,3주 전,연합뉴스TV언론사 선정,"- 재판부 ""범행당시 심신미약 상태로 보기 어려워"" - ""우발적 아닌 계획 범행으로 봐야…모친 정신적 고통"""
"[속보]유류세 인하, 2개월 추가 연장…휘발유 15%·경유 23%↓",3주 전,이데일리언론사 선정,"정부가 이달 말 종료 예정인 유류세 인하 조치를 오는 12월 말까지 두 달 간 추가 연장하기로 했다. 다만 인하율은 휘발유는 20%에서 15%로, 경유 및 액화석유가스(LPG)부탄에는 30%에서 23%로 낮추기로 했다. 기획재정부는 23일 유류세 인하 조치를 연장하는 내용의 교통·에너지 환경세법 시행령 및..."
"[속보] 나토 ""동맹국들, 북한군 러 파병 증거 확인""",3주 전,한국경제언론사 선정,"23일(현지시간) 북대서양조약기구(NATO·나토)는 북한이 러시아에 파병한 증거를 동맹국들이 확인했다고 밝혔다. 연합뉴스에 따르면 파라 다클랄라 나토 대변인은 이날 입장문을 통해 ""이 병력이 우크라이나에서 싸우기 위한 목적이라면 이는 러시아의 불법 전쟁에 대한 북한의 지원과 관련한 중대한 긴장고조..."
"[속보] “김장 채소, 마트·시장서 최대 40% 할인 지원”",3주 전,서울신문언론사 선정,"배추 한 포기 값이 1만원을 넘어서며 ‘금배추’ 논란이 일고 있는 가운데 송미령 농림축산식품부 장관이 23일 “배추, 무 등 김장채소는 마트와 전통시장에서 최대 40%까지 할인해 소비자 김장 부담을 덜도록 지원하겠다”고 밝혔다. 송 장관은 이날 서울 여의도 국회에서 열린 ‘김장재료 수급 안정 방안..."
[속보]산업용 전기요금 평균 9.7% 인상…주택용은 동결,3주 전,노컷뉴스언론사 선정,한국전력 재무부담 가중으로 전기요금 인상이 불가피한 가운데 정부가 전력사용량 절반을 차지하는 산업용에 한해 전기요금을 인상하기로 결정했다. 주택용 및 소상공인용 전기요금은 동결했다. 23일 한전은 24일부터 산업용 전기요금이 평균 9.7% 인상된다고 밝혔다. 산업용 전기요금 인상은 지난해 11월...
[속보]이상득 전 국회부의장 별세,3주 전,파이낸셜뉴스언론사 선정,"이상득 전 국회 부의장이 23일 별세했다. 1935년생인 고인은 포항 동지고, 서울대 상대를 졸업하고, 미국 켐벨대학교 명예법학박사 학위를 취득했다. 1961년 코오롱 1기 신입 공채사원으로 입사해 코오롱과 코오롱상사 대표이사를 역임했고 당시 우리나라의 주력인 섬유산업의 기틀을 다지며 산업화 초기..."
[속보] 'MB 친형' 이상득 전 국회부의장 별세,3주 전,서울경제언론사 선정,이명박 전 대통령의 친형이자 국회 부의장을 지낸 이상득 전 국회의원이 23일 별세했다. 향년 89세. 1935년생인 고인은 포항 동지고와 서울대 상대를 졸업했다. 이후 1961년 코오롱 1기 신입 공채사원으로 입사해 코오롱과 코오롱상사 대표이사를 역임했다. 이후 1988년 정계에 입문한 고인은 이후 13·14·15·16...
[속보] KBS 차기 사장 후보에 박장범,3주 전,미디어오늘언론사 선정,"KBS 이사회가 23일 여권 이사들만 참여한 표결에서 차기 KBS 사장 후보로 박장범 앵커를 임명제청하기로 의결했다. 이사회는 이날 서울 여의도 KBS 본관에서 KBS 박장범 앵커, 박민 사장, 김성진 방송뉴스주간 등 3명에 대한 면접심사를 거쳐 이같이 의결했다. KBS 이사 11인 중 야권으로 분류되는 4인은..."
[속보] 국정원 “북한군 3천명 러시아 이동…가족들 입단속 위해 격리”,3주 전,매일경제언론사 선정,국가정보원이 현재까지 러시아로 이동한 북한 병력이 3000명에 달한다고 발표했다. 연말까지 총 1만명에 달하는 군인이 파병될 것으로 전망했다. 23일 이성권 국민의힘 의원과 박선원 더불어민주당 의원은 조태용 국정원장이 국회 정보위원회 간담회에서 북한군의 러시아 파병 동향을 보고했다고 전했다....
"[속보] 국정원 ""北병력 3000여명 러 이동…12월 총 1만여명 파병""",3주 전,중앙일보언론사 선정,국가정보원은 23일 현재까지 북한군 3000여명이 러시아로 이동했다고 밝혔다. 국회 정보위원회 여야 간사인 이성권 국민의힘 의원과 박선원 더불어민주당 의원은 이날 정보위 간담회에서 조태용 국정원장이 이같이 보고했다고 전했다. 국정원은 러시아로 이동한 북한 병력 규모가 지난 8~13일 1차 수송 이후...
[속보] 한동훈 “11월 이재명 선고前 김여사 관련 국민 요구 해소해야”,3주 전,매일경제언론사 선정,한동훈 국민의힘 대표는 내달 이재명 더불어민주당 대표의 위증교사·선거법 위반 혐의에 대한 1심 선고가 나오기 전 김건희 여사와 관련한 국민들의 요구를 해소해야 한다고 강조했다. 또 대통령 가족 등의 비위 행위를 감찰하기 위한 특별감찰관 추천 절차를 진행하겠다고 밝혔다. 한 대표는 23일 오전 서울...
"[속보] 한전, 산업용 전기요금 9.7% 인상…주택용·일반용 등 동결",3주 전,경향신문언론사 선정,한국전력공사는 산업용 고객에 한정해 오는 24일부터 전력량 요금을 평균 9.7%를 인상하는 것으로 결정했다고 23일 밝혔다. 대용량 고객인 산업용(을)은 10.2% 인상한다. 중소기업의 어려움 등을 고려해 중소기업이 주로 사용하는 산업용(갑)은 5.2% 인상할 예정이다. 산업용 사용자는 전체 사용자의 1.7%(약...
[속보] 북한 ‘폭풍군단’ 3000명 러시아로…“대규모 사상자 날 것”,A6면 1단,경향신문언론사 선정,"북한 특수부대원이 러시아군에 현재까지 약 3000명 파병됐고 오는 12월까지 파병규모가 총 1만여명이 될 것이라고 국가정보원이 23일 밝혔다. 북한군은 러시아 현지 적응 훈련 중으로, 아직 전투 현장에 투입되지 않은 것으로 전해졌다. 북한군은 현대전 이해도가 낮아 대규모 사상자가 발생할 수 있다고..."
"[속보] 러 ""북한군 파병 보도는 허위·과장 정보""",3주 전,한국경제언론사 선정,
"[속보] 대통령실 ""특별감찰관, 여야 합의해 오면 임명할 것""",3주 전,중앙일보언론사 선정,"대통령실은 23일 국민의힘 한동훈 대표가 김건희 여사 문제 해법으로 특별감찰관 추천 절차를 추진하겠다고 밝힌 것과 관련해 여야가 후보 추천에 합의하면 임명하겠다는 방침을 밝혔다. 기존 입장을 사실상 재확인한 것이다. 대통령실 관계자는 이날 용산 대통령실에서 기자들과 만나 ""특별감찰관은 이미 여러..."
"[속보] 美 국방장관 ""북한 병력, 러시아에 있다는 증거 있어""",3주 전,아이뉴스24언론사 선정,"로이드 오스틴 미 국방장관은 23일(현지시간) 북한 병력이 러시아에 있다는 증거가 있다고 말했다고 로이터 통신이 보도했다. 오스틴 장관은 이날 이탈리아 로마에서 취재진과 만나 이같이 언급한 뒤 ""그들이 러시아에서 무엇을 하고 있는지는 지켜봐야 한다""고 덧붙였다."
[속보] 기업들 쓰는 전력 9.7% 더 비싸진다...주택용 요금은 그대로,3주 전,한국일보언론사 선정,"한국전력이 산업용 전기요금을 9.7% 인상하기로 결정했다. 주택용 및 소상공인 전기요금은 동결하기로 했다. 한전은 ""24일부터 산업용 고객에 한해 전기요금을 평균 9.7% 인상한다""고 23일 밝혔다. 한전은 ""반도체, 인공지능(AI) 등 미래 첨단산업 기반을 조성하기 위한 전력망 확충과 필수 전력설비 유지·보수를..."
"[속보] 이상득 전 국회부의장, 89세 일기로 별세",3주 전,디지털타임스언론사 선정,"이상득 전 국회부의장이 23일 89세를 일기로 별세했다. 이 전 부의장은 이명박 전 대통령의 친형이다. 이 전 부의장의 측근은 이날 연합뉴스와 통화에서 ""이 전 부의장이 그동안 지병을 앓아오다 오늘 눈을 감으셨다""고 말했다. 이 전 부의장은 서울대병원에서 입원 치료 중이었던 것으로 전해졌다. 장례식장은..."
"[속보] 대통령실 ""특별감찰관, 여야 합의해 오면 임명할 것""",3주 전,강원도민일보언론사 선정,"대통령실은 23일 국민의힘 한동훈 대표가 김건희 여사 문제 해법으로 특별감찰관 추천 절차를 추진하겠다고 밝힌 것과 관련, 여야가 후보 추천에 합의하면 임명하겠다는 방침을 밝혔다. 대통령실 관계자는 이날 용산 대통령실에서 기자들과 만나 ""특별감찰관은 이미 여러 차례 밝힌 바대로 여야가 합의해 오면..."
[속보] 국정원 “북한군 1500여명 추가 파병…12월까지 1만여명 이동”,3주 전,헤럴드경제언론사 선정,국정원 “북한군 1500여명 추가 파병…12월까지 1만여명 이동”
"[속보] 헤즈볼라 ""이스라엘 북부 하이파에 로켓 발사""",3주 전,연합뉴스언론사 선정,
"[속보]“나를 잊어 달라” 20대 공무원, 유서 남기고 차 안에서…",3주 전,문화일보언론사 선정,경북 봉화군청 소속 20대 공무원이 유서를 남긴채 차안에서 숨진 채 발견됐다. 차 안에서 발견된 유서로 추정되는 쪽지에는 “동료 직원들에게 고맙다. 빨리 나를 잊어 달라”는 내용이 적혀있던 것으로 알려졌다. 23일 경찰에 따르면 지난 21일 오전 8시 50분쯤 경북 봉화군 춘양면 상금정에서 봉화군청...
[속보]“해리스 46% vs 트럼프 43% 오차범위 내”…“공화당 사전투표 적...,3주 전,문화일보언론사 선정,"미국 대통령선거가 22일(현지시간)로 2주일 앞으로 다가온 가운데, 전국 단위에서 민주당 대통령 후보인 카멀라 해리스 부통령이 공화당 후보인 도널드 트럼프 전 대통령을 오차범위 내에서 앞선다는 여론조사 결과가 다시 나왔다. 다만, 선거 전문가들은 이번 여론조사 결과 해리스 부통령이 전국..."
[속보]주택·일반용 전기료 동결…산업용만 평균 9.7%↑,3주 전,뉴시스언론사 선정,후속기사가 이어집니다
"[속보] 대통령실 ""특별감찰관, 여야 합의해 오면 임명할 것""",3주 전,연합뉴스언론사 선정,
"[속보] 대통령실 ""한동훈 대표 의전 홀대? 그거야말로 왜곡""",3주 전,더팩트언론사 선정,"대통령실 관계자는 23일 오후 기자들을 만나 한동훈 국민의힘 대표를 면담 당시 홀대했다는 논란에 대해 ""그거야말로 왜곡된 해석""이라고 반박했다. 이 관계자는 ""장소 파인그라스는 여당 의원들과 만찬했던 곳""이라며 ""잔디밭이 있어서 같이 산책할 것도 염두에 두고 장소를 선정한 것""이라고 설명했다. 또 한..."
[속보]이상득 전 국회부의장 별세,3주 전,뉴시스언론사 선정,후속기사가 이어집니다
"[속보] 미 국방장관, ""러시아에서 북한 병사 목격"" 첫 확인",3주 전,뉴시스언론사 선정,후속기사가 이어집니다
"[속보] 헤즈볼라 ""나스랄라 후임 사피에딘 사망"" 공식 확인",3주 전,뉴스1,
"[속보] 국정원 ""北병력 3천여명 러 이동…12월경 총 1만여명 파병 전망""",3주 전,연합뉴스언론사 선정,
"[속보] 오피스텔서 추락사한 女 스토킹한 20대 男, 징역 10년 구형",3주 전,매일신문언론사 선정,"부산에서 스토킹 피해를 당한 여성이 오피스텔에서 떨어져 숨진 사건과 관련, 피고인인 전 남자친구 A씨의 재판 항소심에서 징역 10년이 구형됐다. 검찰은 23일 부산지법 형사항소 3-3부(부장판사 이소연) 심리로 열린 A씨의 스토킹 처벌법 위반, 특수협박 혐의 항소심 결심 공판에서 징역 10년을 구형했다. 검사는..."
"[속보]삼바, 3분기 매출 1조1871억…누적 3조 첫 돌파",3주 전,뉴시스언론사 선정,삼성바이오로직스는 올해 3분기 연결기준 매출액이 1조1871억원으로 전년 동기보다 14.8% 증가했다고 23일 공시했다. 올해 3분기 누적 기준으론 3조2909억원이다. 같은 기간 영업이익은 3386억원으로 전년 동기보다 6.29% 증가했다．
[속보] 이별 통보 연인 흉기 살해 김레아에 무기징역,3주 전,국제신문언론사 선정,이별 통보 연인 흉기 살해 김레아에 무기징역 이별을 통보한 여자친구를 살해하고 그의 어머니도 다치게 한 김레아(27)에게 무기징역이 선고됐다. 23일 수원지법 형사14부(고권홍 부장판사)는 살인 및 살인미수로 구속기소 된 김 씨에게 이 같은 형을 선고하고 형 집행 후 5년간 보호관찰을 명령했다. 재판부는...
[속보] 순천 '묻지마 살해범' 박대성 개인불만을 살인으로 분풀이…검찰...,3주 전,CJB청주방송언론사 선정,순천 '묻지마 살해범' 박대성(30)이 재판에 넘겨졌습니다. 광주지방검찰청 순천지청은 23일 박대성을 살인 및 살인예비 혐의로 구속기소 했습니다. 박대성은 지난달 26일 0시 44분께 전남 순천시 조례동 도심에서 길을 걷던 A(18)양에게 흉기를 휘둘러 숨지게 한 혐의를 받습니다. 검찰은 박대성이 범행 후 거리와...
"[속보] ""10년만 살다 나오면 돼""...여친 살해한 김레아 오늘 1심 무기징...",3주 전,CJB청주방송언론사 선정,이별을 요구하는 여자친구를 살해하고 여자친구의 모친까지 살해하려다 미수에 그친 김레아(26·대학생)에게 무기징역이 선고됐습니다. 수원지법 제14형사부는 23일(오늘) 살인 혐의로 구속 기소된 김레아에 대한 선고 공판을 열고 무기징역을 선고했습니다. 지난 결심 공판에서 검찰은 김레아에게 무기징역을...
"[속보] 국정원 ""북, 러시아 1만여명 파병 12월경으로 예상""",3주 전,뉴스1언론사 선정,
"[속보] 농림장관 ""김장 채소, 마트·시장서 최대 40% 할인 지원""",3주 전,연합뉴스언론사 선정,
"[속보] 한동훈 ""11월 이재명 선고前 김여사 관련 국민 요구 해소해야""",3주 전,연합뉴스언론사 선정,
"[속보] 美 국방 ""북한병력, 러시아에 있다는 증거 있어""",3주 전,한국경제언론사 선정,
"[속보]국정원 ""북 병력 3000여명 러 이동…12월께 총 1만여명 파병 전망...",3주 전,뉴시스언론사 선정,후속기사가 이어집니다
"[속보] 국정원 ""북, 러시아에 1500명 추가 파견…총 3000명 이동""",3주 전,뉴스1언론사 선정,
[속보] 유류세 인하조치 두달 연장…휘발유 인하폭 20→15% 축소,3주 전,연합뉴스언론사 선정,
"[속보] 농림장관 ""배추 계약재배 물량 전년비 10% 늘려 2.4만t 공급""",3주 전,연합뉴스언론사 선정,
[속보]주택용 전기요금 동결·산업용 평균 9.7% 인상,3주 전,서울경제,24일부터 산업용 전기요금이 평균 9.7% 오른다. 주택용 전기요금은 또다시 동결된다. 한국전력이 “누적된 원가 상승요인을 일부 반영하되 물가와 서민경제 부담 등을 종합적으로 고려해 이같이 결정했다”고 23일 밝혔다. 산업용 전기요금은 계약전력 300kW 이상인 대용량 산업용(을)을 10.2% 인상한다....
[속보] 韓 “尹에 특별감찰관 추천 절차 진행하겠다 해”,3주 전,이데일리언론사 선정,[속보] 韓 “尹에 특별감찰관 추천 절차 진행하겠다 해” 한동훈 국민의힘 당대표가 23일 오전 서울 여의도 국회에서 열린 김장재료 수급 안정방안 민당정 협의회에서 참석자의 인사말을 듣고 있다.
"[속보]日, 우키시마호 승선자 명부 34건 韓에 추가 제공",3주 전,뉴시스,
"[속보] 국정원 ""北, 러 파병 군인 가족 집단 이주·격리 정황""",3주 전,한국경제언론사 선정,"국정원 ""北, 러 파병 군인 가족 집단 이주·격리 정황"""
[속보]휘발유 인하율 20%→15%…인하 조치는 2개월 연장,3주 전,머니투데이,"기획재정부는 유류세 한시적 인하조치를 연장하되, 휘발유 인하율을 기존 20%에서 15%로 조정한다고 23일 밝혔다. 경유와 액화석유가스(LPG)의 인하율은 기존 30%에서 23%로 바꾼다."
"[속보] 러 ""한국, 우크라 분쟁 개입 말아야…안보 위협시 가혹 대응""",3주 전,한국경제언론사 선정,
"[속보] 대통령실, 한동훈 대표 '김 여사 의혹 해소' 발언에 ""대통령, 이...",3주 전,YTN언론사 선정,대통령실 관계자 오늘 기자들과 만나 한동훈 대표가 이재명 대표 1심 선고 전에 김건희 여사 관련한 국민 의혹 해소해야 한다고 발언한 것과 관련해 이미 면담에서 그런 부분에 대해서 윤석열 대통령이 충분히 말씀하셨다고 말해 한 대표가 각색하지 말고 예스냐 노로 대답하라고 말했다고 한 데 대해서는 이미...
"[속보]국정원 ""北, 러시아 1500명 추가파견…12월 1만명 투입""",3주 전,노컷뉴스언론사 선정,"국정원 ""北, 러시아 1500명 추가파견…12월 1만명 투입"" ※CBS노컷뉴스는 여러분의 제보로 함께 세상을 바꿉니다. 각종 비리와 부당대우, 사건사고와 미담 등 모든 얘깃거리를 알려주세요.이메일 : 카카오톡 : @노컷뉴스사이트 : https://url.kr/b71afn"
"[속보]LG이노텍, 3분기 영업익 1304억원…전년比 28.9% ↓",3주 전,이데일리언론사 선정,LG이노텍(011070) 2024년 3분기 실적발표
[속보] 경북 칠곡 '규모 2.5' 지진 발생,3주 전,국제뉴스,"경북 칠곡 지진 (사진=기상청) 경북 칠곡에서 지진이 발생했다. 23일 오후 5시 56분 경북 칠곡군에서 규모 2.5의 지진이 발생했다. 진앙은 경북 칠곡군 서쪽 5km 지역이며, 진앙의 상세 주소는 경북 칠곡군 기산면 봉산리, 진원의 깊이는 8km로 분석됐다. 기상청은 ""지진 발생 인근 지역 주민들이 지진동을 느낄..."
[속보]나스닥만 소폭 상승 마감…치솟는 국채금리 부담 여전,3주 전,이데일리언론사 선정,"뉴욕증시가 보합세로 장을 마쳤다. 전날과 마찬가지로 나스닥지수만 강보합을 기록했고, 다우지수와 S&P500은 이틀 연속 소폭 빠졌다. 22일(현지시간) 뉴욕증권거래소에서 블루칩을 모아놓은 다우존스 30산업평균지수는 전거래일 대비 0.02% 내린 4만2924.89에 장을 마감했다. 대형주 벤치마크인 S..."
[속보]'MB 친형' 이상득 전 국회 부의장 별세...향년 89세,3주 전,전자신문,"이상득 전 국회부의장이 향년 89세로 23일 별세했다. 이 전 부의장은 6선 의원을 지낸 원로 정치인이자 이명박 전 대통령의 친형이다. 이 전 부의장은 이날 오전 서울대병원에서 숨을 거뒀다. 1935년생인 고인은 포항 동지고, 서울대 상대를 졸업하고 미국 켐벨대서 명예 법학박사 학위를 받았다. 이 전..."
"[속보]LGD, 3분기 806억 적자…전년比 87.8% 개선",22면 TOP,서울경제언론사 선정,"LG디스플레이가 올해 3분기 매출 6 조 8213억원, 영업손실 806억 원을 기록했다고 23일 공시했다. 3분기 매출은 42.5% 증가했고 영업 손실은 87.8% 개선됐다."
[속보]내일부터 산업용 전기요금 평균 9.7% 인상…中企 월 8만원가량 부...,3주 전,헤럴드경제,내일부터 산업용 전기요금 평균 9.7% 인상…中企 월 8만원가량 부담
"[속보] 국정원 ""러시아로 이동한 북한 병력 1,500명 추가...총 3천 명으로...",3주 전,YTN언론사 선정,"국정원 ""북한 병력 3천 명 러 이동…1,500명 추가"" 국정원 ""12월경 총 만여 명 파병 전망"" 국정원 ""북, 파병 가족 통제 위해 집단 이주 정황"" 국정원 ""러, 북한 병력에 무인기 조종 등 특수교육"" ▷ 자세한 뉴스 곧 이어집니다."
"[속보] 나토 ""회원국들, 북한 러시아에 파병 증거 확인""",3주 전,뉴시스언론사 선정,후속기사가 이어집니다
"[속보]국정원 ""러, 북한군에 특수교육…투입시 사망자 다수 예상""",3주 전,이데일리언론사 선정,"국정원 “러, 북한군에 특수교육…투입시 사망자 다수 예상”"
"[속보] '부상 복귀' SON, 오늘 훈련 제외됐다! ""주말 이후에 통증 있었다...",3주 전,스포츠조선,"손흥민(토트넘)이 25일 예정된 유로파리그 경기에 결장한다. '풋볼런던', '이브닝스탠다드' 등 복수의 영국 매체는 23일(한국시각) 손흥민이 이날 실시한 토트넘 오픈 트레이닝에서 모습을 나타내지 않았다고 전했다. 엔제 포스테코글루 토트넘 감독은 이후 열린 유로파리그 공식 사전 기자회견에서 손흥민이..."
"[속보] 대통령실 ""한동훈 '면담 각색' 어떤 부분 왜곡인지 말해달라""",3주 전,서울경제언론사 선정,
"[속보]민당정 “배추·무 등 김장채소, 마트·전통시장서 최대 40% 할인”",3주 전,이데일리언론사 선정,"[속보]민당정 “배추·무 등 김장채소, 마트·전통시장서 최대 40% 할인”"
"[속보] 서울시, 지상철도 없앤다…68㎞ 全구간 지하화 계획 발표",3주 전,세계일보언론사 선정,"서울시, 지상철도 없앤다…68㎞ 全구간 지하화 계획 발표"
"[속보] 대통령실 ""엄중한 정치 상황에 당정 하나 돼 극복해야""",3주 전,연합뉴스,
[속보] 산업용 전기요금 kWh당 16.1원·9.7%↑…가정용·소상공인 동결,3주 전,세계일보언론사 선정,뉴스1 산업용 전기요금 kWh당 16.1원·9.7%↑…가정용·소상공인 동결
[속보] 인천 부평구 부개동·일신동 일대 가스공급 중단,3주 전,국제뉴스,"속보(사진=국제뉴스DB) 인천 부개동, 일신동 일대에 가스 공급이 중단됐다. 23일 부평구는 재난문자를 통해 ""부개동, 일신동 일대에 가스 공급이 중단됐다""고 알렸다. 이어 ""현재 복구 중으로 일부 세대 가스 공급이 원활하지 않을 수 있음을 알려드린다""고 덧붙였다."
"[속보] 대통령실 ""특별감찰관, 여야 합의해 오면 임명할 것""",3주 전,디지털타임스,"대통령실은 23일 한동훈 국민의힘 대표가 북한인권재단 이사 추천과 별개로 특별감찰관 추천을 추진하고 있는 데 대해 ""여야가 합의하면 임명할 것""이라며 우회적으로 불쾌감을 드러냈다. 대통령실 관계자는 이날 대통령실에서 기자들과 만나 ""북한인권대사 임명과 특별감찰관 추천을 연계하는 것은 당에서 한..."
"[속보] GM 전기차 부문 손익분기점 근접, 10% 폭등",3주 전,뉴스1,
"[속보]LG이노텍, 3분기 영업익 1304억…전년비 28.9%↓",3주 전,뉴시스,
"[속보] 손흥민, 알크마르전 결장 확정...포스테코글루 감독 ""웨스트햄전...",3주 전,포포투,"손흥민이 알크마르전에 결장한다. 토트넘은 25일 오전 4시(한국시간) 영국 런던에 위치한 토트넘 홋스퍼 스타디움에서 열리는 2024-25시즌 유럽축구연맹(UEFA) 유로파리그(UEL) 리그 페이즈 3차전에서 AZ 알크마르와 맞대결을 벌인다. 현재 토트넘은 2경기 전승을 거뒀고, 득실차에 밀려 리그 페이즈 3위에 위치해..."
[속보][뉴욕증시] 다우·S&P500 이틀 연속 하락...나스닥만 상승 지속,3주 전,파이낸셜뉴스언론사 선정,
[속보] 제주동부하수처리장 2배 증설 사업 '적법'…판단 뒤집혀,3주 전,제주의소리,제주동부하수처리장 증설 사업이 적법하게 추진됐다며 2심 법원에서 결과가 뒤집혔다. 23일 광주고등법원 제주제2행정부는 A씨 등 6명이 제주도를 상대로 제기한 '공공하수도설치(변경) 고시 무효확인' 소송에서 원심을 취소해 원고 A씨 등의 청구를 모두 기각했다. 1심에서 원고들의 청구가 일부 인용된...
"[속보]국정원 ""북한 러시아 파병 대가로 경제적 지원 받을 듯""",3주 전,뉴시스,후속기사가 이어집니다
"[속보]당정, 마트·시장 등 김장재료 최대 50% 할인 지원",3주 전,뉴시스언론사 선정,
"[속보] 국정원 ""북한 병력 3000명 러시아 이동…12월까지 총 1만명 전망...",3주 전,데일리안언론사 선정,"국가정보원은 23일 오후 국회에서 열린 정보위원회 비공개 간담회에서 북한 병력 3000명이 우크라이나 침략 전쟁 가담을 위해 러시아로 이동했으며, 12월경까지 총 1만 명이 파병할 것으로 본다고 전망했다."
"[속보] 한동훈 ""지금 변화·쇄신 못하면 민주당 정권 맞이하게 될 것""",3주 전,뉴스1,
"[속보] '하루 2승' KIA, KS 1·2차전 다 이기고 90% 우승 확률 잡았다",3주 전,뉴스1,
"[속보]정부 ""대기업 전기료 부담 죄송…공기업 환원 역할로 여겨달라""",3주 전,뉴시스언론사 선정,후속기사가 이어집니다
"[속보] 국토부, ""디딤돌 대출규제 현재 대출신청분 제외, 유예기간도 둔...",3주 전,땅집고,"정부가 서민 대상 주택담보대출인 디딤돌 대출에 대한 규제를 예정대로 시행하지만, 현재 대출 신청분에 대해서는 적용하지 않기로 했다. 23일 국토교통부는 보도자료를 통해 “디딤돌 대출에서 그간 방공제 면제, 후취담보 대출을 제한하는 내용의 규제를 조만간 시행한다”고 밝혔다. 다만 혼란을 줄이기 위해..."
"[속보]산업차관 ""기업 전기요금 비중 1%대…수출물가 영향 크지 않아""",3주 전,뉴시스언론사 선정,후속기사가 이어집니다
"[속보]국정원 ""러 쇼이구 북 방문…파병 절차 논의 개시한 것으로 판단...",3주 전,뉴시스,후속기사가 이어집니다
"[속보] KIA, '한국시리즈 2차전'서 삼성에 8-3 승리 '2연승'…우승 확률...",3주 전,이투데이,이투데이=이재영 기자 | KIA 타이거즈가 삼성 라이온즈를 상대로 하루에 한국시리즈 2연승을 챙기며 우승 확률을 90%까지 끌어올렸다. KIA는 23일 광주 기아챔피언스필드에서 열린 '2024 프로야구(KBO) 한국시리즈(KS) 2차전' 삼성과의 경기에서 김도영의 홈런 등을 포함해 8-3으로 승리했다. 앞서...
"[속보] 실적 발표 D-1 테슬라, 또 0.4% 하락",3주 전,뉴스1,
"[속보] KIA, 이틀 만에 재개된 KS 1차전서 삼성에 역전승…72.5% 잡았다",3주 전,뉴스1,
"[속보] 국정원 ""북 파병 의도, 러시아 동맹 고착 및 유사시 한국 개입 등...",3주 전,뉴스1,
"[속보] 대통령실 ""특별감찰관-북 인권재단이사 연계는 당에서 해결해야...",3주 전,뉴스1,
"[속보]LGD, 3Q 영업손실 806억…전년比 적자폭 축소",3주 전,이데일리,LG디스플레이(034220) 3분기 실적발표.
(속보)“우크라 파병된 北장교 8명 전사…참전 하루만에 사라져”[핫이...,3주 전,서울신문,"북한군이 우크라이나 전쟁에 파병됐다는 주장이 기정사실화 되는 가운데, 전장에 배치된 북한군 장교 일부가 벌써 사망했다는 주장이 나왔다. 우크라이나 매체인 키이우포스트는 22일(이하 현지시간) 러시아군 소속 중국 용병이 SNS에 올린 영상을 토대로 이 같이 보도했다. 자신을 뎬위잔(Dian YuZhan)이라고 밝힌..."
"[속보]당정 ""배추, 농협 계약재배 물량 2.4만톤 공급…전년비 10%↑""",3주 전,뉴스1,
[속보] 코스닥 6.85p(0.93%) 오른 745.19(마감),3주 전,이투데이,이투데이=윤혜원 기자 |
[속보] 코스피 28.92p(1.12%) 오른 2599.62(마감),3주 전,이투데이,이투데이=윤혜원 기자 |
"[속보] 국정원 ""북, 러 파병 대가로 경제적 반대급부…규모, 공개 어려워...",3주 전,뉴스1,
"[속보]국채수익률 급등에 혼조, S&P 0.05%↓-나스닥 0.18%↑",3주 전,뉴스1,
"[속보]기아 타이거즈, 한국시리즈 1·2차전 모두 승리",3주 전,남도일보,김도영 홈런 23일 광주 기아챔피언스필드에서 열린 2024 신한 SOL뱅크 KBO 포스트시즌 한국시리즈 2차전 삼성 라이온즈와 KIA 타이거즈의 경기. KIA 김도영이 2회말에 솔로홈런을 때리고 베이스를 돌고 있다./연합뉴스 KIA 타이거즈가 한국시리즈 1차전과 2차전을 모두 승리로 장식했다. KIA는...
"[속보] 코스피, 4.55p(0.18%) 오른 2575.25 출발",3주 전,파이낸셜뉴스,
